Index,Name,Year,Nudity,Violence,Language,Genre,Budget,Plot Sentiment,IMDB Rating
0,Bad Boys for Life,2020,3,8,9,1 2 3,90000000,-0.6757,6.6
1,Bloodshot,2020,5,6,5,1 4 5,45000000,-0.9989,5.7
2,Blue Story,2020,6,7,10,3 4,1768000,-0.9997,5.8
3,Dolittle,2020,1,4,3,6 2 7,175000000,-0.965,5.6
4,Emma.,2020,3,1,1,2 4,10000000,0.9965,6.7
5,Extraction,2020,2,9,7,1 8,12000000,-0.9821,6.7
6,Fantasy Island,2020,4,5,5,1 6 9,7000000,-0.9966,4.9
7,Four Kids and It,2020,1,3,1,7 9,6800000,-0.1779,4.9
8,The Gentlemen,2020,5,8,10,1 2 3,22000000,-0.9993,7.9
9,The Grudge,2020,1,8,5,10 11 8,10000000,-0.9996,5.9
10,The Hunt,2020,1,8,10,1 10 8,14000000,-0.9993,6.5
11,Impractical Jokers: The Movie,2020,4,5,5,2,3000000,-0.3919,5.9
12,The Invisible Man,2020,1,7,5,5,500000,-0.9977,7.1
13,Mulan,2020,2,5,1,12 6 7,90000000,-0.9977,7.6
14,The Outpost,2020,4,8,10,1 4 14,18000000,-0.9992,6.7
15,The Photograph,2020,5,1,5,4 13,16000000,0.9804,5.9
16,The Rhythm Section,2020,6,6,7,1 4 11,50000000,-0.9975,5.2
17,The Secret Garden,2020,8,3,1,7,1400000,-0.3861,7.3
18,The Tax Collector,2020,4,10,10,1 3 4,30000000,-0.9963,4.7
19,Tesla,2020,3,4,1,14 4,5000000,-0.9687,5.1
20,That Good Night,2020,3,3,3,4,4080000,0.9997,6.6
21,Trolls World Tour,2020,2,3,1,12 6 2,90000000,0.9966,6.1
22,Underwater,2020,2,6,5,1 10 5,80000000,-0.9908,5.8
23,Unhinged,2020,6,8,7,10,100000,-0.9956,6.2
24,The Way Back,2020,2,3,10,6 4 14,30000000,-0.706,7.3
25,Wendy,2020,1,5,5,4 9,6000000,0.8775,5.7
26,Ad Astra,2019,1,6,5,6 4 11,90000000,-0.9978,6.6
27,Aladdin,2019,2,3,1,12 6 2,28000000,0.9968,8
28,Anna,2019,7,7,8,1 8,37748700,-0.5005,6.6
29,Arctic,2019,0,5,5,6 4,2000000,-0.9903,6.8
30,Avengers: Endgame,2019,1,6,4,1 6 4,356000000,-0.9902,8.4
31,Black Christmas,2019,4,7,5,10 11 8,5000000,-0.9971,7.2
32,Brian Banks,2019,4,5,5,14 4 15,10000000,-0.9855,7.2
33,Captain Marvel,2019,1,5,5,1 6 5,160000000,-0.9831,6.9
34,Captive State,2019,3,6,5,1 6 4,25000000,-0.9951,6
35,Cats,2019,1,3,1,2 4 7,95000000,0.9931,2.8
36,Charlie's Angels,2019,3,5,5,1 6 2,93000000,-0.9848,5.5
37,Climax,2019,8,7,7,4 10 16,3198000,-0.9975,7.1
38,The Climb,2019,6,4,10,1 6 4,2500000,-0.9404,5.9
39,Countdown,2019,3,5,5,10 8,6500000,-0.9989,5.4
40,Crawl,2019,1,9,5,3 8,380000,-0.9843,6.2
41,Doctor Sleep,2019,6,8,6,4 9 10,45000000,-0.9957,7.4
42,Don't Let Go,2019,1,6,5,4 10 11,5000000,-0.9956,6.2
43,Downton Abbey,2019,3,3,2,4 13,13000000,0.4404,7.4
44,Dumbo,2019,2,4,1,12 4 7,950000,-0.9826,7.2
45,Escape Room,2019,1,6,5,1 6 10,9000000,-0.9955,6.3
46,Fourteen,2019,4,3,6,4,95000,-0.1655,6.9
47,Gemini Man,2019,2,6,5,1 4 5,138000000,-0.9983,5.7
48,Glass,2019,1,7,4,4 5 8,20000000,-0.9962,6.7
49,Harriet,2019,2,5,5,1 14 4,17000000,-0.8542,6.5
50,Hellboy,2019,4,10,7,1 9 10,66000000,-0.9985,6.8
51,The Intruder,2019,5,6,5,4 11 13,4500000,-0.9989,5.6
52,The Irishman,2019,1,7,10,14 3 4,159000000,-0.9908,7.9
53,Jexi,2019,7,3,10,2 13,5000000,-0.8577,6.1
54,Jojo Rabbit,2019,2,5,5,2 4 17,14000000,-0.991,7.9
55,Joker,2019,5,7,7,3 4 8,55000000,-0.9986,8.5
56,Last Christmas,2019,4,3,5,2 4 13,25000000,0.994,6.5
57,The Lion King,2019,1,3,1,12 6 4,45000000,0.9999,8.5
58,Ma,2019,6,7,8,10 11 8,5000000,-0.9974,5.6
59,Men in Black: International,2019,3,5,4,1 6 2,110000000,-0.9724,5.6
60,Midway,2019,2,5,5,1 6 4,100000000,-0.9778,6.7
61,1917,2019,1,8,6,4 17,95000000,-0.9957,8.3
62,Parasite,2019,3,6,3,2 4 8,11400000,-0.9979,3.9
63,Pet Sematary,2019,4,8,5,10 11 8,21000000,-0.9995,6.6
64,Poms,2019,3,3,4,2 4 15,10000000,-0.9948,5.9
65,The Prodigy,2019,5,7,5,3 4 8,114000,-0.9977,5.8
66,Rambo: Last Blood,2019,4,9,6,1 8,50000000,-0.9939,6.1
67,Ready or Not,2019,3,8,10,2,1000000,0.9702,6.8
68,Replicas,2019,3,6,4,4 5 8,30000000,-0.997,5.5
69,Richard Jewell,2019,3,5,7,14 3 4,45000000,-0.9327,7.5
70,Rocketman,2019,7,4,7,14 4 16,40000000,0.8007,7.3
71,Scary Stories to Tell in the Dark,2019,2,6,5,6 10 11,25000000,-0.9962,6.2
72,Serenity,2019,5,6,10,1 6 5,39000000,-0.9915,7.8
73,Shaft,2019,3,7,10,1 3 8,46000000,-0.9904,5.9
74,Shazam!,2019,2,7,4,1 6 2,100000000,-0.9935,7.1
75,6 Underground,2019,3,9,10,1 8,150000000,-0.9866,6.1
76,Spider-Man: Far from Home,2019,3,5,4,1 6 5,160000000,-0.9988,7.5
77,Storm Boy,2019,5,4,2,6 4 7,25000000,0.4588,6.9
78,Tolkien,2019,0,6,2,14 4 13,20000000,0.9695,6.8
79,Toy Story 4,2019,6,3,1,12 6 2,200000000,0.9996,7.8
80,Under the Silver Lake,2019,9,6,9,3 4 11,8500000,-0.9821,6.5
81,Unplanned,2019,5,8,3,14 4,6000000,-0.9475,5.8
82,Vivarium,2019,6,4,6,2 10 11,4000000,-0.9944,5.8
83,What Men Want,2019,7,2,9,2 9 13,20000000,0.9933,5.2
84,Wonder Park,2019,1,2,1,12 6 2,90000000,0.9858,5.8
85,Yesterday,2019,3,3,5,2 9 16,26000000,0.9865,6.8
86,Action Point,2018,6,6,7,2,19000000,-0.9892,5.1
87,Ant-Man and the Wasp,2018,2,5,4,1 6 2,162000000,0.984,7.1
88,Aquaman,2018,2,5,4,1 6 9,160000000,-0.319,6.9
89,Assassination Nation,2018,8,8,10,1 2 3,7000000,-0.9898,5.9
90,Avengers: Infinity War,2018,2,7,4,1 6 5,321000000,-0.9948,8.4
91,Beautiful Boy,2018,5,4,8,14 4,25000000,0.7408,7.3
92,Ben Is Back,2018,2,3,8,4,13000000,-0.7799,6.7
93,BlacKkKlansman,2018,1,5,10,14 3 4,15000000,-0.9935,7.5
94,Black Panther,2018,2,6,3,1 6 5,200000000,-0.9973,7.3
95,Bohemian Rhapsody,2018,4,3,5,14 4 16,52000000,0.9946,8
96,Bumblebee,2018,3,5,4,1 6 5,135000000,-0.967,6.8
97,Creed II,2018,3,6,4,4 15,50000000,0.8714,7.1
98,Deadpool 2,2018,5,9,10,1 6 2,110000000,-0.9981,7.7
99,Destroyer,2018,5,6,10,1 3 4,9000000,-0.996,6.2
100,Disobedience,2018,7,2,5,4 13,6000000,0.9884,6.6
101,Dog Days,2018,3,3,3,2 4 13,10000000,0.9858,6.2
102,Every Day,2018,3,2,4,2 4 13,3000000,0.9919,6.4
103,Green Book,2018,4,5,5,14 2 4,23000000,-0.9313,8.2
104,Halloween,2018,6,9,7,3 10 8,10000000,-0.9775,7.8
105,Hell Fest,2018,4,8,7,10 8,5500000,-0.9958,5.5
106,Hotel Artemis,2018,2,7,10,1 3 4,15000000,-0.9935,6.1
107,Hotel Transylvania 3: Summer Vacation,2018,2,4,1,12 6 2,80000000,-0.9912,6.3
108,Indivisible,2018,1,5,1,4 17,2700000,-0.9948,5.8
109,Instant Family,2018,3,3,5,2 4,48000000,0.9415,7.3
110,Kin,2018,3,5,5,1 6 3,30000000,-0.9983,5.8
111,Mamma Mia! Here We Go Again,2018,4,2,1,2 16 13,75000000,0.9972,6.6
112,Mid90s,2018,5,5,10,2 4,1700000,-0.969,7.4
113,Mission: Impossible - Fallout,2018,1,6,5,1 6 8,178000000,-0.9967,7.7
114,Operation Finale,2018,1,6,5,14 4 14,24000000,-0.9897,6.6
115,Overboard,2018,5,3,4,2 13,12000000,-0.9877,6.9
116,Overlord,2018,3,9,7,1 6 10,38000000,-0.997,6.6
117,Paddington 2,2018,0,3,1,6 2 7,40000000,-0.907,7.8
118,Papillon,2018,1,8,4,14 3 4,12000000,-0.9867,8
119,Peter Rabbit,2018,2,3,2,6 2 7,50000000,-0.9902,6.6
120,The Predator,2018,6,10,10,1 6 5,88000000,-0.9975,5.3
121,Proud Mary,2018,1,6,5,1 3 4,14000000,-0.9987,4.9
122,Ready Player One,2018,3,5,5,1 6 5,175000000,0.1779,7.5
123,Red Sparrow,2018,9,8,7,1 4 8,69000000,-0.9825,6.6
124,Robin Hood,2018,3,6,4,1 6 4,200000000,-0.9939,6.6
125,Searching,2018,0,5,5,4 11 8,880000,-0.9964,7.6
126,Sherlock Gnomes,2018,4,2,1,12 6 2,59000000,0.4958,5.2
127,Shine,2018,3,3,7,14 4 16,5500000,0.8956,7.7
128,Skyscraper,2018,7,7,5,1 6 8,125000000,-0.9986,5.8
129,Slender Man,2018,5,6,5,10 11 8,10000000,-0.9798,3.2
130,Solo: A Star Wars Story,2018,3,6,3,1 6 5,275000000,-0.9968,6.9
131,Sorry to Bother You,2018,4,6,10,2 9 5,3200000,0.9798,6.9
132,SuperFly,2018,3,7,10,1 3 8,16000000,-0.9992,5.1
133,Super Troopers 2,2018,1,7,10,2 3 11,13500000,-0.7357,6
134,Tomb Raider,2018,1,6,4,1 6 9,94000000,-0.9985,6.3
135,Traffik,2018,7,6,10,1 3 4,4000000,-0.9969,6
136,Truth or Dare,2018,4,6,5,10 11,1000000,-0.9986,5.2
137,Tully,2018,3,5,6,2 4 11,13000000,-0.9788,7
138,Uncle Drew,2018,5,3,4,2 15,19000000,0.9855,5.7
139,Unfriended: Dark Web,2018,1,7,6,10 11 8,1000000,-0.9845,5.9
140,Unsane,2018,2,7,9,4 10 11,1500000,-0.9981,6.4
141,Upgrade,2018,6,8,6,1 5 8,5000000,-0.9984,7.5
142,Venom,2018,2,6,5,1 6 5,100000000,-0.9963,6.7
143,Vice,2018,4,6,7,1 6 5,10000000,0.9829,7.2
144,Aftermath,2017,5,5,5,10 5 8,2500000,-0.9967,5.6
145,Alien: Covenant,2017,5,9,8,10 5 8,97000000,-0.999,6.4
146,All Eyez on Me,2017,7,7,10,14 4 16,40000000,-0.9934,5.8
147,All Saints,2017,1,3,2,4,2000000,0.7964,6.1
148,American Assassin,2017,6,8,8,1 8,33000000,-0.9992,6.2
149,Baywatch,2017,7,7,10,1 2 3,69000000,-0.9979,5.5
150,Blade Runner 2049,2017,7,7,5,1 4 11,150000000,-0.9916,8
151,Cars 3,2017,0,2,1,12 6 2,175000000,0.9996,6.7
152,The Case for Christ,2017,1,3,2,14 4,5000000,0.9068,6.3
153,The Circle,2017,4,3,5,4 5 8,18000000,0.9437,5.3
154,Coco,2017,1,3,1,12 6 7,175000000,-0.9699,8.4
155,Daddy's Home 2,2017,4,3,4,2,69000000,-0.8318,6
156,Detroit,2017,5,8,10,3 4 14,34000000,-0.9992,7.3
157,The Disaster Artist,2017,6,2,10,14 2 4,10000000,0.9862,7.4
158,Dunkirk,2017,0,6,5,1 4 14,100000000,-0.967,7.9
159,Ferdinand,2017,1,3,2,12 6 2,111000000,-0.9955,6.7
160,The Foreigner,2017,5,7,6,1 8,35000000,-0.9994,7
161,Free Fire,2017,3,8,10,1 2 3,7480000,-0.9988,6.4
162,Geostorm,2017,1,6,4,1 5 8,120000000,-0.9956,5.3
163,Ghost in the Shell,2017,4,7,4,1 3 4,110000000,-0.9956,6.3
164,The Greatest Showman,2017,3,3,2,14 4 16,84000000,-0.9948,7.6
165,The Great Wall,2017,1,7,3,1 6 9,150000000,-0.9896,5.9
166,Happy End,2017,2,4,5,4,13600000,-0.9955,6.7
167,How to Be a Latin Lover,2017,5,3,4,2 4,10000000,-0.9948,6
168,It,2017,4,8,9,10,35000000,-0.9956,7.3
169,It Comes at Night,2017,4,6,6,10 11,5000000,-0.9977,6.2
170,Jigsaw,2017,2,10,9,3 4,400000,-0.999,5.8
171,Justice League,2017,3,6,4,1 6 9,300000000,-0.9143,6.3
172,Kidnap,2017,1,6,5,1 3 4,21000000,-0.9979,5.9
173,Kong: Skull Island,2017,2,7,5,1 6 9,185000000,-0.9961,6.6
174,Lady Bird,2017,6,3,6,2 4,10000000,0.9529,7.4
175,LBJ,2017,2,3,5,14 4 14,26000000,-0.9948,6.5
176,The LEGO Ninjago Movie,2017,1,3,1,12 1 6,70000000,-0.9948,6
177,Life,2017,1,7,7,2 3 4,80000000,-0.9964,6.6
178,Logan,2017,5,8,10,2 4 7,135000,-0.9983,8.1
179,The Lovers,2017,7,3,6,1 6 13,50000000,-0.6703,6
180,Molly's Game,2017,4,5,7,14 3 4,30000000,0.9437,7.4
181,Monster Trucks,2017,1,3,1,1 6 2,125000000,-0.059,5.6
182,Only the Brave,2017,4,5,5,4 17,3300000,-0.9797,7.6
183,Phoenix Forgotten,2017,1,4,4,10 11 5,2800000,-0.9593,5.3
184,Pitch Perfect 3,2017,3,4,3,2 16,45000000,0.9628,5.8
185,The Post,2017,1,3,5,4 8,50000000,-0.9753,7.2
186,Power Rangers,2017,2,5,4,1 6 5,100000000,-0.9798,5.9
187,The Promise,2017,4,7,3,1 6 4,90000000,-0.9948,6
188,Resident Evil: The Final Chapter,2017,3,8,3,1 10 5,40000000,-0.996,5.5
189,Rock Dog,2017,1,3,1,12 6 2,60000000,0.9975,5.9
190,The Shack,2017,2,5,1,4 9,20000000,0.9719,6.3
191,Silence,2017,5,8,2,4 14,46000000,-0.9963,7.2
192,Spider-Man: Homecoming,2017,2,6,4,1 6 5,175000000,-0.998,7.4
193,Split,2017,5,7,5,10 8,9000000,-0.9921,7.3
194,Suburbicon,2017,5,6,6,2 3 4,25000000,-0.9992,5.7
195,Thank You for Your Service,2017,7,6,10,14 4 17,20000000,0.9481,6.5
196,Thor: Ragnarok,2017,3,6,4,1 6 2,180000000,-0.9941,7.9
197,T2 Trainspotting,2017,5,6,10,4,18000000,-0.9971,7.2
198,Underworld: Blood Wars,2017,7,8,5,1 6 9,35000000,-0.9978,5.8
199,Wind River,2017,6,7,7,4 7 18,5500000,-0.9983,7.7
200,Wish Upon,2017,3,7,5,4 9 10,12000000,-0.9317,5
201,Wonder,2017,1,3,3,4 7,20000000,-0.9979,8
202,Wonder Woman,2017,4,6,1,1 6 9,149000000,-0.9979,7.4
203,Woodshock,2017,2,5,6,4 8,5000000,0.8473,4.3
204,The Accountant,2016,1,7,7,1 3 4,44000000,-0.9994,7.3
205,Arrival,2016,1,3,5,4 11 5,47000000,-0.8053,7.9
206,Assassin's Creed,2016,1,6,5,1 6 5,125000000,-0.9962,5.7
207,Batman v Superman: Dawn of Justice,2016,3,6,3,1 6 5,250000000,-0.9989,6.4
208,Ben-Hur,2016,2,6,1,6 4 14,15000000,-0.9944,8.1
209,Blair Witch,2016,1,6,8,10 11 8,5000000,-0.9818,5
210,The Boss,2016,5,5,9,2,29000000,-0.34,5.4
211,The Boy,2016,3,5,2,10 11 8,10000000,-0.9437,6
212,Bridget Jones's Baby,2016,7,4,7,2 4 13,35000000,0.0668,6.5
213,Captain America: Civil War,2016,1,7,3,1 6 5,250000000,-0.9947,7.8
214,Collateral Beauty,2016,1,3,5,4 13,36000000,0.9459,6.8
215,The Comedian,2016,4,4,10,2 4 13,15000000,0.8402,5.7
216,Criminal,2016,2,7,9,1 5 8,31500000,-0.9911,6.3
217,"Crouching Tiger, Hidden Dragon: Sword of Destiny",2016,3,7,0,1 6 4,20000000,-0.9984,6.1
218,The Darkness,2016,1,6,5,10 8,4000000,-0.9906,4.4
219,Deadpool,2016,8,8,10,1 6 2,58000000,-0.9942,8
220,Denial,2016,1,3,5,2 4 13,5000000,0.8268,6.7
221,Doctor Strange,2016,1,5,3,1 6 9,165000000,-0.9984,7.5
222,Ghostbusters,2016,2,4,3,1 2 9,144000000,-0.9941,7.8
223,The Girl on the Train,2016,8,6,9,1 8,28000000,-0.9992,6.5
224,Gods of Egypt,2016,5,6,3,1 6 9,140000000,-0.9948,5.4
225,Green Room,2016,1,9,10,10 16 8,5000000,-0.9948,7
226,Hands of Stone,2016,7,6,10,14 4 15,20000000,0.5789,6.6
227,Hell or High Water,2016,4,6,8,1 3 4,12000000,0.6313,7.6
228,The Hollars,2016,2,3,5,2 4 13,3800000,-0.9319,6.5
229,Inferno,2016,2,6,5,1 6 3,75000000,-0.9987,6.2
230,The Infiltrator,2016,6,7,10,14 3 4,28000000,-0.0516,7
231,Jackie,2016,2,5,5,14 4 14,9000000,-0.9897,6.7
232,Jason Bourne,2016,1,7,4,1 8,120000000,-0.9963,6.6
233,Keanu,2016,6,7,10,1 2 3,15000000,-0.9891,6.2
234,La La Land,2016,3,2,5,2 4 16,30000000,0.972,8
235,The Legend of Tarzan,2016,3,6,2,1 6 4,180000000,-0.9729,6.2
236,The Lobster,2016,7,6,5,2 4 13,4920000,-0.9927,7.2
237,Manchester by the Sea,2016,6,5,10,4,9000000,-0.9908,7.8
238,Max Steel,2016,1,5,4,1 6 9,10000000,-0.7096,4.6
239,Mechanic: Resurrection,2016,5,6,5,1 6 8,40000000,-0.9892,5.7
240,The Meddler,2016,2,3,5,2 4 13,3200000,0.09,6.3
241,Meet the Blacks,2016,5,6,10,2 10,900000,-0.9153,4.8
242,Moonlight,2016,6,5,7,4,4000000,-0.9919,7.4
243,Morgan,2016,1,6,5,1 10 5,8000000,-0.9826,5.8
244,Mother's Day,2016,4,3,5,2 4 13,25000000,-0.6908,5.7
245,Nerve,2016,4,5,5,6 3 4,19000000,0.9569,6.5
246,The Nice Guys,2016,7,7,10,1 2 3,50000000,-0.9804,7.4
247,Nine Lives,2016,2,3,2,1 6 4,20000000,-0.9941,5.3
248,Now You See Me 2,2016,1,5,4,1 6 2,90000000,-0.8022,6.5
249,Passengers,2016,5,5,7,4 13 5,110000000,-0.9973,7
250,Queen of Katwe,2016,2,3,1,14 4 15,15000000,0.9871,7.4
251,Risen,2016,2,5,1,14 4,272000,-0.9709,6.3
252,Sing,2016,6,2,1,12 2 7,75000000,0.999,7.1
253,Snowden,2016,2,4,7,14 3 4,40000000,0.9091,7.3
254,Suicide Squad,2016,1,6,4,1 6 9,175000000,-0.982,6
255,Sully,2016,5,4,5,14 4,60000000,0.3123,7.4
256,10 Cloverfield Lane,2016,1,6,5,1 4 10,15000000,-0.9975,7.2
257,Trolls,2016,1,3,2,12 6 2,125000000,0.998,6.5
258,Whiskey Tango Foxtrot,2016,6,7,10,14 2 4,35000000,0.9041,6.6
259,The Young Messiah,2016,2,6,2,4 9,18500000,-0.9894,5.6
260,American Ultra,2015,3,8,10,1 2,28000000,-0.9951,6.1
261,Anomalisa,2015,8,1,8,12 2 4,8000000,0.8126,7.3
262,Ant-Man,2015,1,5,4,1 6 2,130000000,-0.9974,7.3
263,Avengers: Age of Ultron,2015,3,6,3,1 6 5,250000000,-0.9966,7.3
264,Blackhat,2015,5,6,5,1 3 8,70000000,-0.9983,5.4
265,Black or White,2015,2,4,5,4,9000000,-0.9758,6.6
266,Black Sea,2015,2,6,10,6 4 8,10880000,-0.997,6.4
267,Brooklyn,2015,6,2,5,4 13,11000000,-0.7086,7.5
268,Captive,2015,3,5,3,1 3 4,2000000,-0.8834,5.4
269,Carol,2015,7,3,5,4 13,11800000,-0.6705,7.2
270,Cop Car,2015,0,6,6,3 8,800000,-0.9969,6.3
271,Crimson Peak,2015,7,7,5,4 9 10,55000000,-0.9985,6.5
272,Cut Bank,2015,2,6,7,3 4 8,5000000,-0.9948,6.1
273,Daddy's Home,2015,5,4,5,2 7,50000000,0.9834,6.2
274,The Danish Girl,2015,8,4,1,14 4 13,15000000,0.9757,7.1
275,Do You Believe?,2015,3,5,2,4,2300000,-0.7003,6.1
276,Entourage,2015,8,3,10,2,30000000,0.9697,6.6
277,Everest,2015,1,5,1,1 6 14,55000000,-0.9987,7.1
278,Ex Machina,2015,6,5,6,4 5 8,15000000,0.4117,7.7
279,Grandma,2015,4,2,7,2 4,600000,-0.9948,6.7
280,The Hateful Eight,2015,6,9,7,3 4 11,44000000,-0.9995,7.8
281,Hitman: Agent 47,2015,2,7,5,1 3 8,35000000,-0.9948,5.7
282,Hotel Transylvania 2,2015,2,4,2,12 2 7,80000000,0.9987,6.7
283,Inside Out,2015,1,3,1,12 6 2,175000000,1,8.1
284,Irrational Man,2015,6,5,5,2 4 13,11000000,-0.9983,6.6
285,I Saw the Light,2015,6,3,5,14 4 16,13000000,-0.25,5.7
286,It Follows,2015,8,7,5,10 11 8,1000000,-0.9806,6.8
287,Joy,2015,2,3,5,14 4,60000000,0.9852,6.6
288,Jurassic World,2015,2,7,4,1 6 5,150000000,-0.9948,7
289,The Lazarus Effect,2015,2,6,5,10 11 5,3300000,-0.9983,5.2
290,Legend,2015,4,9,10,14 3 4,30000000,-0.9991,6.9
291,Little Boy,2015,1,5,2,4 14 17,20000000,-0.9851,7.4
292,The Loft,2015,7,6,9,11 13 8,14000000,-0.9969,6.3
293,Mad Max: Fury Road,2015,5,8,5,1 6 5,150000000,-0.9989,8.1
294,Magic Mike XXL,2015,8,2,10,2 4 16,14800000,0.9883,5.6
295,Maps to the Stars,2015,10,7,9,2 4,15000000,-0.9954,6.2
296,Max,2015,1,4,2,6 4 7,20000000,-0.9928,6.7
297,Minions,2015,2,4,2,12 6 2,74000000,0.99,6.4
298,Mission: Impossible - Rogue Nation,2015,3,6,4,1 6 8,150000000,-0.9948,7.4
299,Mississippi Grind,2015,4,5,7,2 4,6000000,0.9915,6.4
300,Mortdecai,2015,6,6,5,1 6 2,60000000,-0.9945,5.5
301,99 Homes,2015,3,6,10,4,8000000,-0.9765,7.1
302,Paddington,2015,1,3,3,6 2 7,55000000,-0.9948,7.2
303,The Perfect Guy,2015,5,6,7,3 4 10,12000000,-0.9902,5.6
304,Pitch Perfect 2,2015,4,3,5,2 16,29000000,0.9718,6.4
305,Pixels,2015,4,4,4,1 2 9,88000000,-0.9825,5.5
306,Point Break,2015,4,6,5,1 6 3,105000000,-0.9804,7.3
307,Poltergeist,2015,3,6,4,10 8,35000000,-0.9932,7.3
308,Rock the Kasbah,2015,4,5,7,2 16 17,15000000,0.6361,5.5
309,Room,2015,5,5,5,4 8,13000000,0.9763,8.1
310,San Andreas,2015,3,6,5,1 6 4,110000000,-0.9525,6.1
311,Self/less,2015,2,6,5,1 11 5,26000000,-0.996,6.5
312,Sicario,2015,1,7,9,1 3 4,30000000,-0.8381,7.6
313,Sinister 2,2015,1,8,5,10 11 8,10000000,-0.9993,5.3
314,Sisters,2015,5,5,10,3 10 11,5000000,0.9872,6
315,Slow West,2015,5,6,5,1 6 4,2000000,-0.9946,6.9
316,Song One,2015,1,2,5,4 16,6000000,0.8807,5.8
317,Spectre,2015,3,6,3,1 6 8,245000000,-0.9921,6.8
318,Spy,2015,2,7,10,1 2 3,65000000,-0.9932,7
319,Steve Jobs,2015,3,2,7,14 4,30000000,-0.9905,7.2
320,Stonewall,2015,4,5,10,4 14,13500000,-0.8408,5.2
321,Straight Outta Compton,2015,0,6,10,14 4 14,28000000,-0.9916,7.8
322,Suffragette,2015,5,5,5,4 14,14000000,-0.989,6.9
323,Ted 2,2015,2,5,10,2,68000000,-0.9724,6.3
324,Terminator Genisys,2015,2,6,5,1 6 5,155000000,0.3585,6.3
325,The 33,2015,4,4,4,14 4 14,26000000,-0.7613,6.9
326,Unfriended,2015,3,7,10,10 11 8,1000000,-0.9989,5.5
327,The Visit,2015,4,6,5,10 11 8,5000000,-0.9946,6.2
328,The Walk,2015,3,3,3,6 14 4,35000000,0.9907,7.3
329,The Water Diviner,2015,5,7,3,4 14 17,22500000,-0.997,7
330,We Are Your Friends,2015,7,5,10,4 16 13,2000000,0.9847,6.2
331,Woman in Gold,2015,1,4,5,14 4 14,11000000,-0.9948,7.3
332,About Last Night,2014,7,2,10,2 13,12500000,0.8555,6.1
333,American Sniper,2014,3,8,10,1 14 4,58800000,-0.9976,7.3
334,Annabelle,2014,2,7,2,10 11 8,6500000,-0.9948,5.4
335,Annie,2014,2,3,3,2 4 7,50000000,0.999,6.6
336,Bad Words,2014,6,3,6,2 4,10000000,0.719,6.6
337,Before I Go to Sleep,2014,6,6,5,4 10 11,22000000,-0.6669,6.3
338,Big Eyes,2014,2,4,5,14 3 4,10000000,-0.074,7
339,Big Hero 6,2014,1,4,1,12 1 6,165000000,1,7.8
340,The Book of Life,2014,2,3,1,2 9,350000,0.9995,7.3
341,Boyhood,2014,5,4,8,4,4000000,-0.4217,7.9
342,Brick Mansions,2014,3,6,5,1 3 8,28000000,0.9125,5.7
343,Cake,2014,5,4,7,4,7000000,-0.9993,6.4
344,Captain America: The Winter Soldier,2014,1,6,3,1 6 5,170000000,-0.9983,7.7
345,The Congress,2014,7,4,6,12 4 5,9561487.6,-0.9111,6.5
346,Divergent,2014,2,6,3,1 6 11,85000000,0.9909,6.7
347,Dracula Untold,2014,3,6,1,1 4 9,70000000,-0.9859,6.3
348,Draft Day,2014,3,2,5,4 15,25000000,-0.802,6.8
349,Earth to Echo,2014,1,3,4,6 7 5,13000000,-0.856,5.8
350,The Gambler,2014,6,4,10,3 4 8,25000000,-0.9234,6
351,God Help the Girl,2014,5,3,5,4 16 13,1850000,0.9571,6.4
352,Godzilla,2014,1,5,3,1 6 5,160000000,-0.9946,6.4
353,Hercules,2014,5,7,5,12 6 2,85000000,-0.9944,7.3
354,The Identical,2014,2,3,2,4 16,16000000,0.9686,5.2
355,"I, Frankenstein",2014,1,7,3,1 9 5,65000000,-0.9978,5.1
356,The Imitation Game,2014,2,4,4,14 4 8,14000000,-0.988,8
357,Interstellar,2014,1,5,5,6 4 5,165000000,-0.9723,8.6
358,The Interview,2014,7,8,10,1 6 2,44000000,-0.9982,6.5
359,Into the Storm,2014,2,6,4,1 6 4,50000000,-0.0387,5.8
360,Into the Woods,2014,3,4,2,6 2 4,50000000,-0.9989,5.9
361,Jersey Boys,2014,4,4,8,14 4 16,40000000,0.9911,6.8
362,John Wick,2014,2,7,9,1 3 8,20000000,-0.9983,7.4
363,The Judge,2014,5,4,7,3 4,50000000,-0.9845,7.4
364,The Lego Movie,2014,1,3,2,12 1 6,60000000,0.9997,7.7
365,Locke,2014,3,3,10,4,2000000,-0.8481,7.1
366,Magic in the Moonlight,2014,2,2,3,2 4 13,16800000,0.9972,6.5
367,Maleficent,2014,1,4,2,1 6 7,180000000,-0.9964,7
368,Million Dollar Arm,2014,3,2,2,14 4 15,25000000,0.9437,7
369,Need For Speed,2014,3,6,4,1 3 8,66000000,-0.9719,6.4
370,Noah,2014,3,6,1,1 6 4,125000000,-0.995,5.7
371,Non-Stop,2014,1,5,5,1 11 8,50000000,-0.8752,6.9
372,Ouija,2014,1,5,3,10 11 8,5000000,-0.996,4.5
373,The Prophet,2014,3,3,1,12 4,12000000,0.1134,7.1
374,Robocop,2014,2,6,5,1 3 5,13000000,-0.998,7.5
375,Rosewater,2014,3,5,5,14 4,5000000,-0.9337,6.6
376,The Rover,2014,4,7,8,1 3 4,12000000,-0.999,6.4
377,Sabotage,2014,7,9,10,1 3 4,35000000,-0.9987,5.7
378,The Signal,2014,1,6,5,4 11 5,4000000,-0.9904,6.1
379,The Single Moms Club,2014,5,3,4,2 4,8000000,0.6124,5.3
380,Snowpiercer,2014,3,7,8,1 4 5,39200000,-0.9971,7.1
381,Son of God,2014,3,6,2,14 4 14,22000000,-0.9927,5.7
382,St. Vincent,2014,6,4,5,2 4,13000000,0.9834,7.2
383,Tammy,2014,2,4,8,2 13,20000000,-0.9839,4.9
384,Third Person,2014,7,5,6,4 13,28000000,0.4939,6.3
385,This Is Where I Leave You,2014,5,4,7,2 4,19800000,-0.0433,6.6
386,3 Days to Kill,2014,6,7,5,1 4 8,28000000,-0.9936,6.2
387,Top Five,2014,6,3,10,2 13,12000000,0.8561,6.4
388,Transcendence,2014,4,6,2,1 4 5,100000000,-0.9876,6.3
389,Tusk,2014,4,7,10,2 4 10,3000000,-0.9513,5.3
390,22 Jump Street,2014,3,5,10,1 2 3,50000000,-0.8138,7
391,Unbroken,2014,1,6,5,14 4 15,65000000,-0.998,7.2
392,Under the Skin,2014,6,6,5,4 10 5,13300000,-0.9948,6.3
393,Vampire Academy,2014,5,6,4,1 2 4,30000000,-0.9872,5.5
394,Wild,2014,7,4,8,14 4,15000000,-0.9513,7.1
395,Wish I Was Here,2014,6,4,8,2 4,6000000,0.5859,6.7
396,After Earth,2013,1,6,1,1 6 5,130000000,-0.9994,4.8
397,As I Lay Dying,2013,6,5,3,4,5000000,-0.5859,5.4
398,Before Midnight,2013,7,2,8,4 13,3000000,0.855,7.9
399,The Best Man Holiday,2013,6,4,6,2 4,17000000,0.9819,6.7
400,Blue Jasmine,2013,5,4,5,4,18000000,-0.9858,7.3
401,Broken City,2013,7,6,10,1 3 4,35000000,-0.995,6.2
402,The Call,2013,6,7,5,3 4 10,13000000,-0.9972,6.7
403,The Canyons,2013,9,5,10,4 8,250000,-0.9991,3.8
404,Closed Circuit,2013,3,5,6,3 4 11,15000000,-0.9921,6.2
405,Dallas Buyers Club,2013,8,5,10,14 4,5000000,-0.9972,8
406,Delivery Man,2013,4,4,5,2 4,26000000,-0.9161,6.4
407,Disconnect,2013,7,5,10,4 8,10000000,-0.9948,7.5
408,Don Jon,2013,8,3,10,2 4 13,3000000,0.9804,6.5
409,The East,2013,6,6,4,6 4 8,6500000,0.4404,6.8
410,Elysium,2013,2,8,10,1 4 5,115000000,-0.9979,6.6
411,Ender's Game,2013,1,6,3,1 6 9,110000000,-0.9982,6.6
412,The Family,2013,6,7,8,10 8,200000,-0.9957,6.3
413,47 Ronin,2013,3,6,1,1 4 9,175000000,-0.9989,6.3
414,Gangster Squad,2013,5,9,7,1 3 4,60000000,-0.8739,6.7
415,Geography Club,2013,6,3,5,2 4,6400000,0.8545,6.5
416,Gravity,2013,1,5,5,4 5 8,100000000,-0.8174,7.7
417,Homefront,2013,6,7,10,1 3 8,22000000,-0.997,6.5
418,The Host,2013,4,5,3,1 6 4,40000000,-0.6306,5.9
419,The Iceman,2013,7,8,10,14 3 4,10000000,-0.9948,6.8
420,Jobs,2013,3,2,5,14 4,12000000,0.9929,5.9
421,Kick-Ass 2,2013,7,7,9,1 2 3,28000000,-0.9989,6.5
422,The Last Stand,2013,2,8,7,2 4,2000000,-0.9971,6.3
423,Last Vegas,2013,6,4,5,2 4,28000000,0.9979,6.6
424,The Lone Ranger,2013,3,7,3,1 6 2,215000000,-0.9954,6.4
425,Lone Survivor,2013,1,9,10,1 14 4,40000000,-0.9972,7.5
426,Lovelace,2013,9,6,6,14 4,10000000,-0.9275,6.2
427,Machete Kills,2013,5,9,10,1 3 8,20000000,-0.9981,5.6
428,Mama,2013,4,7,5,2 4 16,3000000,-0.9868,6.2
429,Mandela: Long Walk to Freedom,2013,4,7,3,14 4 14,35000000,-0.5106,7.1
430,Monsters University,2013,1,3,1,12 6 2,200000000,-0.9868,7.3
431,Mud,2013,3,5,5,4,10000000,-0.9969,7.4
432,Nebraska,2013,3,4,5,6 2 4,12000000,-0.9948,7.7
433,Oblivion,2013,4,6,5,1 6 5,120000000,-0.9973,7
434,Oldboy,2013,8,9,8,1 4 11,3000000,-0.999,5.7
435,Parker,2013,2,8,3,1 3 8,35000000,-0.9995,6.2
436,Parkland,2013,2,6,10,4 14 11,10000000,-0.5859,6.4
437,Peeples,2013,1,3,6,2 13,15000000,-0.0544,5.3
438,Philomena,2013,3,3,5,14 2 4,12000000,-0.9946,7.6
439,Planes,2013,1,3,2,12 6 2,50000000,-0.9948,5.7
440,Prince Avalanche,2013,5,3,4,2 4,725000,0.5395,6.3
441,Prisoners,2013,1,7,9,3 4 11,46000000,-0.9975,8.1
442,Quartet,2013,4,3,5,2 4,11000000,-0.9948,6.8
443,Red 2,2013,3,6,4,1 6 2,84000000,-0.9876,6.6
444,Riddick,2013,6,7,10,1 6 5,38000000,-0.9988,6.4
445,Runner Runner,2013,6,5,10,3 8,30000000,-0.9988,5.6
446,Rush,2013,8,7,6,1 14 4,38000000,0.9897,8.1
447,The Sapphires,2013,8,5,4,14 2 4,10000000,0.85,7
448,Saving Lincoln,2013,1,5,4,14 4 14,700000,-0.9721,5.4
449,Saving Mr. Banks,2013,1,4,2,14 2 4,35000000,-0.9486,7.5
450,Scary Movie 5,2013,2,7,5,2 10,20000000,-0.9946,3.5
451,Side Effects,2013,0,6,6,2 4 13,30000000,-0.9986,7.1
452,Snitch,2013,2,6,4,3 4 8,11000000,-0.155,6.4
453,The Spectacular Now,2013,5,4,7,2 4 13,2500000,-0.8912,7.1
454,Stoker,2013,4,7,5,4 11 8,12000000,-0.9968,6.8
455,Thor: The Dark World,2013,2,6,3,1 6 9,170000000,-0.9959,6.9
456,Turbo,2013,1,4,1,12 6 2,135000000,0.9998,6.4
457,Upside Down,2013,5,4,3,4 9 13,60000000,-0.9948,6.4
458,Warm Bodies,2013,2,7,5,2 10 13,35000000,-0.9371,6.9
459,The Wolf of Wall Street,2013,10,4,10,14 3 4,100000000,-0.9886,8.2
460,World War Z,2013,1,7,4,1 6 10,190000000,-0.9948,7
461,Yossi,2013,8,2,4,4 13,500000,-0.9948,7
462,You're Next,2013,6,8,7,10 11 8,1000000,-0.9993,6.6
463,Act of Valor,2012,2,8,6,1 6 8,12000000,-0.9984,6.5
464,The Amazing Spider-Man,2012,3,6,4,1 6 5,230000000,-0.9865,6.9
465,Amour,2012,4,5,5,4 13,8900000,-0.9679,7.9
466,Anna Karenina,2012,6,6,3,4 13,40600000,-0.9948,6.6
467,Apparition,2012,4,7,4,9 10 8,3000000,-0.9853,4
468,Argo,2012,3,6,7,14 4 8,44500000,0.4678,7.7
469,The Avengers,2012,2,7,3,1 6 5,220000000,-0.99,8
470,Battleship,2012,3,6,5,1 6 5,209000000,-0.9976,5.8
471,Bernie,2012,3,5,5,14 2 3,5000000,-0.9948,6.8
472,Blue Like Jazz,2012,4,3,4,2 4,1200000,-0.9948,5.9
473,The Bourne Legacy,2012,2,7,5,1 6 8,125000000,-0.9967,6.7
474,Casa de Mi Padre,2012,6,8,6,2 18,6000000,-0.9709,5.5
475,Chronicle,2012,4,7,4,4 5 8,12000000,-0.9989,7
476,Cloud Atlas,2012,8,8,7,1 4 11,102000000,0.9976,7.4
477,Compliance,2012,7,3,6,3 4 8,270000,-0.9903,6.4
478,Contraband,2012,3,7,10,1 3 4,25000000,-0.9981,6.5
479,Cosmopolis,2012,7,7,5,3 4 9,20500000,-0.9815,5.1
480,Dark Shadows,2012,4,6,4,2 9 10,150000000,0.0516,6.2
481,Dark Tide,2012,3,7,5,1 6 4,25000000,-0.9657,4.3
482,The Divide,2012,9,10,10,4 10 5,3000000,-0.9984,5.8
483,Django Unchained,2012,6,9,7,4 18,100000000,-0.9982,8.4
484,Flight,2012,7,6,10,4 8,31000000,-0.9138,7.3
485,Frankenweenie,2012,1,4,2,12 2 7,39000000,0.9997,6.9
486,Friends with Kids,2012,7,2,8,2 4 13,10000000,0.9866,6.1
487,Fun Size,2012,4,4,4,6 2,14000000,0.9865,5.4
488,Girl In Progress,2012,5,3,3,2 4,5000000,0.9955,5.6
489,The Grey,2012,2,7,10,1 6 4,25000000,-0.9991,6.8
490,Hit and Run,2012,8,6,10,1 2,2000000,-0.988,6.1
491,Hitchcock,2012,4,5,3,14 4 13,15700000,0.7516,6.8
492,Hotel Transylvania,2012,2,4,2,12 2 7,85000000,0.9976,7.1
493,John Carter,2012,2,6,4,1 6 5,250000000,-0.9965,6.6
494,Lawless,2012,7,8,7,3 4,26000000,-0.9981,7.3
495,Liberal Arts,2012,5,3,4,2 4 13,2000000,0.9901,6.7
496,Lincoln,2012,1,6,5,14 4 14,65000000,-0.368,7.3
497,Lockout,2012,2,6,5,1 5 8,20000000,-0.9994,6.1
498,Looper,2012,7,8,7,1 4 5,30000000,-0.9977,7.4
499,Loosies,2012,6,5,5,2 3 13,3900000,0.765,6.2
500,Lore,2012,6,7,4,4 13 17,5289000,-0.9979,7.1
501,Magic Mike,2012,8,4,10,2 4,7000000,0.9847,6.1
502,The Master,2012,8,5,9,4,32000000,-0.9989,7.2
503,Men In Black 3,2012,3,5,4,1 6 2,225000000,-0.9938,6.8
504,Not Fade Away,2012,6,3,8,4,20000000,0.9937,6
505,One for the Money,2012,5,5,4,1 2 3,40000000,-0.9968,5.3
506,On the Road,2012,9,3,6,6 4 13,25000000,0.9496,6.1
507,The Paperboy,2012,4,7,5,3 4 11,12500000,-0.9981,5.8
508,Paranormal Activity 4,2012,3,6,6,10 11 8,5000000,-0.9909,4.6
509,ParaNorman,2012,5,5,10,12 6 2,60000000,-0.9968,7
510,Parental Guidance,2012,2,3,7,2 7,25000000,-0.7845,6
511,Piranha 3DD,2012,8,10,7,2 10,5000000,-0.9946,3.7
512,Playback,2012,7,8,8,10 8,1600000,-0.9918,4.2
513,The Possession,2012,3,7,3,10 11 8,14000000,-0.9971,5.9
514,Prometheus,2012,3,8,5,6 11 5,130000000,-0.998,7
515,Promised Land,2012,1,3,7,4,15000000,0.9898,6.6
516,Pusher,2012,7,7,10,3 8,3128000,-0.9912,7.4
517,The Raven,2012,2,8,5,3 11 8,26000000,-0.9981,6.4
518,Red Tails,2012,2,5,4,1 4 14,58000000,-0.7215,5.9
519,Resident Evil: Retribution,2012,2,8,3,1 10 5,65000000,-0.9855,5.4
520,Rock of Ages,2012,8,3,4,2 4 16,75000000,0.9838,5.9
521,Ruby Sparks,2012,5,3,7,2 4 9,8000000,0.8546,7.2
522,Safe,2012,0,8,6,1 3 8,30000000,-0.9956,6.5
523,Safety Not Guaranteed,2012,2,4,5,2 4 13,750000,-0.7334,7
524,Sinister,2012,2,8,4,10 11 8,3000000,-0.9948,6.8
525,Skyfall,2012,3,6,5,1 6 8,200000000,-0.9989,7.7
526,Smashed,2012,5,3,7,4,500000,-0.9784,6.8
527,Sparkle,2012,5,5,5,4 16,1000000,0.9997,5.7
528,Ted,2012,6,5,10,2,50000000,-0.4612,6.9
529,Think Like a Man,2012,6,2,5,2 13,12000000,0.6124,6.6
530,This Must Be the Place,2012,0,5,8,2 4,30750000,-0.9882,6.7
531,To Rome With Love,2012,4,3,5,2 16 13,20910000,0.9957,6.3
532,Touchback,2012,3,4,4,4 7 9,5000000,0.9908,6.5
533,21 Jump Street,2012,5,7,10,1 2 3,42000000,0.7908,7.2
534,The Wicker Tree,2012,7,6,4,4 10,7750000,-0.9792,3.8
535,The Woman in Black,2012,0,6,3,4 9 10,17000000,-0.9977,6.4
536,The Words,2012,4,4,5,4 11 13,6000000,0.9136,7
537,Your Sister's Sister,2012,6,2,10,2 4 13,125000,0.6008,6.7
538,Zero Dark Thirty,2012,4,7,9,4 14 8,40000000,-0.9883,7.4
539,Abduction,2011,4,5,5,1 10 5,6000000,-0.9958,5.1
540,Albert Nobbs,2011,6,3,5,4 13,8000000,-0.9943,6.7
541,Anonymous,2011,7,6,4,4 8,30000000,-0.9427,6.9
542,Another Earth,2011,5,6,1,4 13 5,100000,0.8248,7
543,Apollo 18,2011,1,5,5,10 11 5,5000000,-0.9886,5.2
544,The Artist,2011,2,3,3,2 4 13,15000000,-0.5056,7.9
545,Atlas Shrugged: Part I,2011,7,2,4,4 11 5,20000000,0.987,5.6
546,Beastly,2011,3,5,4,4 9 13,17000000,0.8294,5.6
547,Beginners,2011,7,3,6,2 4 13,3200000,0.9992,7.2
548,Bucky Larson: Born to Be a Star,2011,9,2,9,2,10000000,0.85,3.2
549,Carnage,2011,1,4,6,2 4,25000000,-0.9818,7.2
550,Cars 2,2011,2,4,1,12 6 2,200000000,-0.1732,6.1
551,Colombiana,2011,5,7,5,1 4 8,40000000,-0.9972,6.4
552,Conan the Barbarian,2011,8,9,2,1 6 9,90000000,-0.9993,6.9
553,The Conspirator,2011,1,7,4,3 4 14,25000000,-0.9975,6.9
554,Contagion,2011,1,5,5,1 4 8,60000000,-0.9965,6.7
555,Country Strong,2011,6,4,4,4 16,15000000,-0.7999,6.3
556,The Double,2011,1,6,4,1 4 8,13500000,-0.9896,6.5
557,Dream House,2011,2,6,5,4 11 8,50000000,-0.9977,6
558,Drive,2011,5,8,8,3 4,15000000,-0.9984,7.8
559,The Eagle,2011,2,8,4,1 6 4,25000000,-0.9032,6.2
560,Everything Must Go,2011,6,3,5,4,5000000,-0.9948,6.4
561,Final Destination 5,2011,4,10,5,10 8,40000000,-0.9929,5.8
562,Footloose,2011,5,5,4,4 16 13,8200000,0.5689,6.6
563,The Grace Card,2011,1,5,2,4,200000,0.9735,6.4
564,Hanna,2011,4,8,5,1 4 8,30000000,-0.9967,6.8
565,The Help,2011,3,4,4,4,25000000,-0.9948,8
566,Higher Ground,2011,7,5,5,4,2000000,-0.1166,6.2
567,Hobo with a Shotgun,2011,5,10,10,1 2 10,3000000,-0.9991,6.1
568,Hoodwinked Too! Hood vs. Evil,2011,1,4,3,12 2 3,30000000,-0.9548,4.7
569,Hop,2011,1,4,1,12 6 2,63000000,-0.9958,5.4
570,Immortals,2011,6,10,2,1 4 9,75000000,-0.9991,6
571,Insidious,2011,2,7,5,10 11 8,1500000,-0.997,6.8
572,In Time,2011,6,6,5,1 5 8,40000000,-0.997,6.7
573,The Iron Lady,2011,5,5,3,14 4,13000000,-0.9824,6.4
574,J. Edgar,2011,3,4,5,14 4 13,35000000,-0.9859,6.5
575,Judy Moody and the Not Bummer Summer,2011,1,3,3,2 7,20000000,0.2076,4.3
576,Killer Elite,2011,7,8,10,1 8,70000000,-0.9965,6.4
577,Kung Fu Panda 2,2011,1,4,1,12 1 6,150000000,-0.9996,7.2
578,Like Crazy,2011,7,1,5,4 13,250000,-0.9547,6.7
579,Limitless,2011,6,7,5,5 8,27000000,-0.5859,7.4
580,The Lincoln Lawyer,2011,6,7,5,3 4 8,40000000,-0.9989,7.3
581,Machine Gun Preacher,2011,6,8,8,1 14 3,30000000,-0.991,6.8
582,Margaret,2011,8,6,7,4,14000000,-0.994,6.4
583,Margin Call,2011,3,2,10,4 8,3500000,-0.9966,7.1
584,Meek's Cutoff,2011,2,3,3,4 18,2000000,-0.9948,6.5
585,Melancholia,2011,7,4,5,4 5,7400000,-0.998,7.2
586,Midnight in Paris,2011,4,2,4,2 9 13,17000000,0.9988,7.7
587,The Mighty Macs,2011,3,1,1,4 15,7000000,0.4939,6.5
588,Monte Carlo,2011,2,2,3,6 2 7,20000000,0.9722,5.8
589,One Day,2011,7,4,5,4 13,15000000,0.9969,7
590,Paranormal Activity 3,2011,2,6,5,10 11 8,5000000,-0.9971,5.8
591,Pariah,2011,2,4,1,4,450000,-0.8887,7.2
592,Paul,2011,1,5,10,6 2 5,40000000,-0.995,7
593,Point Blank,2011,4,8,5,1 3 4,16000000,-0.9948,7.3
594,Priest,2011,2,8,5,1 10 8,60000000,-0.9988,5.7
595,Rampart,2011,8,6,10,3 4,12000000,-0.9948,5.8
596,Rango,2011,3,4,3,12 6 2,135000000,-0.9867,7.2
597,Real Steel,2011,3,5,4,1 4 5,110000000,-0.589,7.1
598,Rio,2011,2,3,1,12 6 2,90000000,0.9995,6.9
599,Sanctum,2011,1,7,8,1 6 4,30000000,-0.9993,5.9
600,Scream 4,2011,4,10,8,10 11,40000000,-0.9989,6.1
601,Seven Days in Utopia,2011,1,2,1,4 15,7500000,-0.9948,6
602,Shame,2011,4,5,10,4,6500000,-0.9859,7.2
603,Silent House,2011,4,6,5,4 10 11,2000000,-0.9987,5.2
604,Sleeping Beauty,2011,5,4,6,4 13 8,2280000,-0.9249,7.2
605,Soul Surfer,2011,4,5,1,14 4 7,18000000,0.9953,7
606,Source Code,2011,7,5,5,1 4 11,32000000,-0.9837,7.5
607,Straw Dogs,2011,2,8,10,1 4 8,25000000,-0.9995,7.5
608,Sucker Punch,2011,3,7,4,1 6 9,82000000,0.8511,6
609,Super 8,2011,8,6,5,1 6 5,50000000,-0.9853,7
610,Take Me Home Tonight,2011,6,4,10,2 4 13,23000000,0.9951,6.3
611,Take Shelter,2011,5,6,5,4 10 8,5000000,-0.8381,7.4
612,30 Minutes or Less,2011,2,7,10,1 2 3,28000000,-0.9724,6.1
613,Thor,2011,1,7,3,1 6 9,150000000,-0.9972,7
614,The Tree of Life,2011,2,4,1,4 9,32000000,-0.991,6.8
615,Trust,2011,8,6,7,3 4 8,4000000,-0.9899,6.9
616,War Horse,2011,1,8,2,1 6 4,66000000,0.2732,7.2
617,Warrior,2011,3,7,5,1 4 15,25000000,-0.9848,8.2
618,The Way Back,2011,3,6,5,6 4 14,30000000,-0.9859,7.3
619,Young Adult,2011,5,3,6,2 4,12000000,-0.8793,6.2
620,The Zookeeper,2011,4,4,3,4 17,6000000,0.9948,6.8
621,Alice in Wonderland,2010,2,5,1,6 7 9,200000000,-0.9938,6.4
622,The American,2010,9,7,5,3 4 8,20000000,-0.9972,6.3
623,Animal Kingdom,2010,4,7,10,3 4,3800000,-0.9549,7.3
624,Another Year,2010,3,2,5,2 4,8000000,0.7031,7.3
625,Blue Valentine,2010,8,4,8,4 13,1000000,-0.9937,7.4
626,Brooklyn's Finest,2010,9,9,10,1 3 4,17000000,-0.999,6.7
627,Burlesque,2010,6,2,5,4 16 16,55000000,-0.4467,6.4
628,Case 39,2010,2,8,5,10 11 8,26000000,-0.9963,6.2
629,The Company Men,2010,6,2,6,4,15000000,-0.9872,6.7
630,Conviction,2010,5,7,10,14 3 4,12500000,-0.9981,7.2
631,Dear John,2010,6,4,4,4 13 17,25000000,0.9828,6.3
632,Devil,2010,3,8,4,10 11 8,10000000,-0.9997,6.2
633,Fair Game,2010,3,4,5,1 8,957600,0.8873,6.8
634,Faster,2010,4,8,5,1 3 4,24000000,-0.9988,6.4
635,The Fighter,2010,6,7,10,14 4 15,25000000,-0.9949,7.8
636,From Paris with Love,2010,6,8,10,1 3 8,52000000,-0.9955,6.5
637,Get Low,2010,2,4,4,4 11,7000000,-0.6858,7
638,Green Zone,2010,1,7,8,1 4 8,100000000,-0.9976,6.8
639,Hereafter,2010,3,5,5,4 9 13,50000000,0.5983,6.4
640,Inception,2010,1,7,4,1 6 5,160000000,0.765,8.8
641,Iron Man 2,2010,4,6,5,1 6 5,200000000,-0.9975,7
642,Kick-Ass,2010,7,9,10,1 2 3,30000000,-0.9957,7.6
643,Killers,2010,6,6,5,1 2 13,75000000,-0.9502,5.5
644,The Last Song,2010,3,3,3,4 16 13,20000000,0.9825,6
645,Letters to Juliet,2010,3,1,2,6 2 4,30000000,0.9194,6.5
646,The Losers,2010,6,7,5,1 6 3,25000000,-0.9991,6.3
647,Lottery Ticket,2010,6,5,5,2,17000000,0.9848,5
648,MacGruber,2010,8,9,8,1 2,10000000,-0.9919,5.5
649,Machete,2010,8,10,8,1 3 8,10500000,-0.9985,6.6
650,Megamind,2010,2,4,3,12 1 2,130000000,-0.9993,7.2
651,The Next Three Days,2010,3,6,5,1 3 4,30000000,-0.9974,7.4
652,Paranormal Activity 2,2010,5,6,8,10,3000000,-0.9977,5.6
653,Piranha 3D,2010,10,10,8,2 10,24000000,-0.9789,5.4
654,Please Give,2010,7,3,6,2 4,3000000,-0.9948,6.6
655,Predators,2010,2,10,8,1 6 5,40000000,-0.9948,6.4
656,Rabbit Hole,2010,2,4,5,4,5000000,-0.9503,7
657,Ramona and Beezus,2010,2,2,1,2 4 7,15000000,-0.7199,6.5
658,Red,2010,2,7,5,1 2 3,58000000,-0.9933,7
659,Remember Me,2010,7,6,5,4 13,16000000,-0.9882,7.1
660,Repo Men,2010,7,8,8,1 5 8,32000000,-0.9897,6.3
661,Robin Hood,2010,4,7,3,1 6 4,200000000,-0.9835,6.6
662,The Runaways,2010,8,4,10,14 4 16,10000000,-0.5023,6.5
663,Salt,2010,2,7,4,1 11 8,110000000,-0.9973,6.4
664,Scott Pilgrim vs. The World,2010,1,6,6,1 2 9,60000000,-0.9948,7.5
665,Sex and the City 2,2010,9,2,5,2 4 13,100000000,0.9975,4.5
666,Shutter Island,2010,4,9,6,11 8,80000000,-0.9831,8.2
667,Skyline,2010,1,8,5,1 5 8,10000000,-0.989,4.4
668,The Social Network,2010,5,2,5,14 4,40000000,0.9781,7.7
669,Somewhere,2010,3,1,5,2 4,7000000,0.8807,6.3
670,Splice,2010,4,8,6,4 10 5,30000000,-0.9986,5.7
671,Step Up 3D,2010,1,3,5,4 16 13,30000000,0.9772,6.2
672,Stone,2010,7,7,10,4 8,22000000,-0.9754,5.4
673,Takers,2010,2,6,5,1 3 8,32000000,-0.9988,6.2
674,The Tempest,2010,6,4,2,4 9,204000,-0.9948,6.4
675,To Save a Life,2010,1,5,4,4,500000,0.9242,6.9
676,The Tourist,2010,4,5,5,1 6 3,100000000,0.9728,6
677,The Town,2010,7,8,10,3 4 8,37000000,-0.9989,7.5
678,The Virginity Hit,2010,9,3,10,2,2000000,0.9914,4.6
679,The Warrior's Way,2010,5,10,4,1 9 18,42000000,-0.9996,6.3
680,When In Rome,2010,6,3,4,2 3 4,1313000,0.9956,5.6
681,Amelia,2009,4,3,3,6 14 4,40000000,-0.9757,5.8
682,Astro Boy,2009,1,4,1,12 1 2,65000000,-0.9594,6.3
683,Avatar,2009,5,7,4,1 6 9,237000000,-0.972,7.8
684,The Blind Side,2009,4,4,4,14 4 15,29000000,0.9732,7.6
685,The Box,2009,2,6,3,4 9 11,30000000,-0.9978,5.6
686,Bran Nue Dae,2009,4,4,4,2 4 16,4940000,0.9231,6.2
687,Bright Star,2009,3,2,2,14 4 13,8500000,0.9486,6.9
688,Brothers,2009,5,6,7,1 4 8,26000000,-0.9962,7.1
689,The Brothers Bloom,2009,6,6,5,1 6 2,20000000,-0.6307,6.8
690,Br?÷ú?≥Ñno,2009,10,6,7,2,42000000,-0.8834,5.8
691,City Island,2009,6,4,5,2 4,6000000,0.0548,7.4
692,The Collector,2009,6,10,6,1 3 10,6000000,-0.9993,6.4
693,Crank: High Voltage,2009,10,10,10,1 8,20000000,-0.5719,6.2
694,Crazy Heart,2009,6,3,6,4 16 13,7000000,0.9801,7.2
695,Crossing Over,2009,8,7,10,3 4,19000000,-0.9958,6.7
696,Dance Flick,2009,6,6,4,1 2 16,25000000,0.5994,3.5
697,District 9,2009,4,10,10,1 5 8,30000000,-0.9829,7.9
698,Drag Me to Hell,2009,3,8,4,10 8,30000000,-0.9993,6.5
699,Dragonball Evolution,2009,4,4,3,1 6 7,30000000,0.9566,2.5
700,An Education,2009,6,1,4,4,7500000,0.9934,7.3
701,Extract,2009,5,4,5,2 3 13,8000000,-0.9948,6.1
702,Fantastic Mr. Fox,2009,1,4,3,12 6 2,40000000,-0.9819,7.9
703,Fast and Furious,2009,5,6,5,1 3 8,38000000,-0.9942,6.1
704,Funny People,2009,9,4,10,2 4,75000000,0.9782,6.3
705,Gamer,2009,7,9,8,1 5 8,50000000,-0.9916,5.8
706,Halloween II,2009,8,10,10,10,15000000,-0.994,6.5
707,The Hurt Locker,2009,3,8,10,4 8 17,15000000,-0.9972,7.6
708,"I Love You, Man",2009,6,3,10,2 13,40000000,0.9903,7
709,The International,2009,3,8,5,1 3 4,50000000,-0.9978,6.5
710,Jennifer's Body,2009,7,9,7,2 10,16000000,-0.9927,5.2
711,Jonah Hex,2009,4,7,4,1 4 9,47000000,-0.9946,4.7
712,The Joneses,2009,7,4,5,2 4,10000000,-0.9822,6.5
713,Land of the Lost,2009,6,5,5,1 6 2,100000000,0.7672,5.3
714,The Last Station,2009,7,3,4,14 4 13,18000000,-0.9786,7
715,Legion,2009,2,8,7,1 9 10,26000000,-0.9957,5.2
716,Me and Orson Welles,2009,3,3,4,2 4,25000000,-0.7122,6.7
717,The Merry Gentleman,2009,6,5,5,3 4 8,5000000,-0.9948,6.5
718,Moon,2009,5,7,8,4 11 5,5000000,-0.9722,7.9
719,Mother and Child,2009,8,3,5,4 13,7000000,-0.6187,7.2
720,Next Day Air,2009,7,8,10,1 2 3,3000000,-0.9961,5.8
721,9,2009,1,5,0,12 1 6,30000000,-0.9981,7.1
722,Nine,2009,6,3,3,4 16 13,80000000,0.8815,5.8
723,Ninja Assassin,2009,3,10,6,1 8,40000000,-0.9854,6.3
724,Observe and Report,2009,9,7,10,2 3 4,18000000,-0.9866,5.8
725,Paranormal Activity,2009,3,6,5,10 11 8,15000,-0.9906,6.3
726,Planet 51,2009,3,3,2,12 6 2,70000000,0.9965,6
727,Precious,2009,8,8,10,4,10000000,0.9884,7.3
728,Push,2009,4,7,4,1 5 8,38000000,-0.99,6.1
729,The Road,2009,5,8,5,4,25000000,-0.9882,7.2
730,Saw VI,2009,7,10,8,10 11,11000000,-0.9956,6
731,Sherlock Holmes,2009,2,7,2,1 6 11,90000000,-0.9969,7.6
732,Star Trek,2009,2,6,4,1 6 5,150000000,-0.9968,7.9
733,Sunshine Cleaning,2009,8,7,6,2 4,8000000,0.9353,6.8
734,Terminator Salvation,2009,4,7,4,1 6 5,200000000,-0.993,6.5
735,12 Rounds,2009,1,7,5,1 3 8,22000000,-0.961,5.6
736,2012,2009,5,7,5,1 6 5,200000000,0.9432,5.8
737,Two Lovers,2009,3,3,7,4 13,9800000,-0.9948,7
738,Up,2009,3,3,0,12 6 2,175000000,1,8.2
739,Watchmen,2009,9,9,6,1 4 11,130000000,0.9978,7.6
740,Whip It,2009,5,6,4,4 15,15000000,0.9942,6.9
741,Youth in Revolt,2009,8,5,8,2 4 13,18000000,-0.9485,6.4
742,An American Carol,2008,4,5,4,2 9,20000000,-0.9795,4.1
743,Appaloosa,2008,5,7,5,1 3 4,20000000,-0.9892,6.7
744,Australia,2008,6,7,5,6 2 4,130000000,-0.9885,6.6
745,Babylon A.D.,2008,4,7,5,1 6 5,70000000,-0.9975,5.6
746,Baby Mama,2008,5,3,5,2 13,30000000,-0.5916,6
747,Bee Movie,2008,2,2,2,12 6 2,150000000,0.9992,6.1
748,Cadillac Records,2008,7,5,10,14 4 16,12000000,0.9994,7
749,Changeling,2008,4,7,5,14 3 4,55000000,-0.9964,7.7
750,Charlie Bartlett,2008,6,4,7,2 4 13,12000000,-0.945,7
751,Cloverfield,2008,4,6,5,1 6 10,25000000,-0.9515,7
752,Death Race,2008,4,8,8,1 5 8,45000000,-0.6527,6.4
753,Disaster Movie,2008,7,8,5,2,20000000,-0.9974,1.9
754,Drillbit Taylor,2008,4,6,4,1 2 3,40000000,-0.9959,5.7
755,Eagle Eye,2008,2,6,5,1 11 8,80000000,0,6.6
756,The Express,2008,3,3,4,14 4 15,40000000,-0.7992,7.3
757,The Eye,2008,4,7,3,4 10 11,12000000,-0.9309,5.4
758,Fireproof,2008,3,3,0,4 9 13,500000,0.9893,6.5
759,Flash of Genius,2008,1,5,5,14 4,20000000,-0.9948,7
760,Fly Me to the Moon,2008,1,2,1,12 6 7,25000000,-0.9948,4.5
761,Fool's Gold,2008,5,4,4,2,1000000,0.2751,5.7
762,Ghost Town,2008,4,3,5,2 4 9,20000000,-0.4456,6.7
763,Gran Torino,2008,4,7,10,4,33000000,-0.9978,8.1
764,Hamlet 2,2008,6,3,7,2 16,9000000,0.9813,6.3
765,Hancock,2008,2,6,5,1 9,150000000,-0.9965,6.4
766,The Haunting of Molly Hartley,2008,3,6,5,4 10 8,5000000,-0.9979,3.9
767,High School Musical 3: Senior Year,2008,2,1,0,2 4 7,11000000,-0.9948,4.8
768,Igor,2008,2,4,3,12 2 7,25000000,0.9965,6
769,Iron Man,2008,4,7,4,1 6 5,140000000,-0.9979,7.9
770,Jumper,2008,4,6,5,1 6 5,85000000,-0.9909,6.1
771,Kit Kittredge: An American Girl,2008,1,3,1,2 4 7,10000000,-0.4157,6.5
772,Kung Fu Panda,2008,1,3,1,12 1 6,130000000,-0.999,7.5
773,Mamma Mia!,2008,4,1,3,2 16 13,52000000,0.9977,6.4
774,Max Payne,2008,4,6,5,1 3 4,35000000,-0.9937,5.4
775,Milk,2008,8,6,6,14 4,20000000,-0.9848,7.5
776,Quantum of Solace,2008,5,7,4,1 6 8,200000000,-0.9908,6.6
777,Rambo,2008,5,10,7,1 6,15000000,-0.9965,7
778,Redbelt,2008,3,6,8,4 15,7000000,-0.9934,6.7
779,Revolutionary Road,2008,7,5,6,4 13,35000000,0.6886,7.3
780,RocknRolla,2008,7,8,10,1 3 8,18000000,-0.9641,7.3
781,Role Models,2008,8,3,7,2,28000000,-0.9841,6.8
782,Semi-Pro,2008,5,4,7,2 15,55000000,-0.9948,5.8
783,Sex and the City,2008,8,1,5,2 4 13,65000000,0.9553,5.6
784,Speed Racer,2008,2,5,3,1 6 2,120000000,-0.7935,6
785,The Spirit,2008,0,8,4,1 3 9,60000000,-0.8765,4.8
786,Star Wars: The Clone Wars,2008,1,3,1,12 1 6,8500000,-0.9948,5.9
787,Stop-Loss,2008,2,8,10,4 17,25000000,-0.9985,6.4
788,The Strangers,2008,1,7,5,10 8,9000000,-0.9973,6.2
789,Strange Wilderness,2008,8,6,10,6 2,20000000,-0.9922,5.3
790,Traitor,2008,7,6,5,1 3 4,22000000,-0.9828,7
791,Transporter 3,2008,5,6,5,1 8,30000000,-0.882,6.1
792,Tropic Thunder,2008,4,7,10,1 2 17,92000000,-0.9918,7
793,Twilight,2008,6,7,2,4 9 13,37000000,-0.9911,5.2
794,21,2008,7,5,4,3 4 14,35000000,0.9617,6.8
795,Vicky Cristina Barcelona,2008,6,4,4,2 4 13,15500000,0.8491,7.1
796,W.,2008,2,5,5,14 2 4,25100000,-0.9719,6.3
797,Wanted,2008,7,8,9,1 8,2800000,-0.9988,6.7
798,Wendy and Lucy,2008,1,2,6,4,200000,0.6059,7.1
799,The Women,2008,5,2,4,2 4,16000000,0.9738,5
800,The Wrestler,2008,8,7,8,4 15,6000000,0.9818,7.9
801,The Yellow Handkerchief,2008,5,3,5,4 13,15500000,-0.7321,6.7
802,Across the Universe,2007,7,5,5,4 9 14,45000000,-0.9697,7.3
803,American Gangster,2007,8,9,10,14 3 4,100000000,-0.9929,7.8
804,The Astronaut Farmer,2007,1,3,3,6 4 5,13000000,0.1901,6.3
805,Becoming Jane,2007,4,4,1,14 4 13,16500000,0.9883,7.1
806,Beowulf,2007,6,8,4,1 6 9,3500000,-0.9968,6.2
807,Black Snake Moan,2007,8,6,8,4 16,15000000,-0.9587,6.9
808,Control,2007,6,4,10,14 4 16,5535000,-0.976,7.7
809,Death Sentence,2007,2,8,10,1 3 4,20000000,-0.9966,6.8
810,Disturbia,2007,6,6,4,3 4 11,20000000,-0.9943,6.8
811,DOA: Dead or Alive,2007,5,5,4,1 6 11,21000000,-0.9894,4.8
812,Elizabeth: The Golden Age,2007,5,7,3,14 4 14,55000000,-0.9948,6.8
813,Epic Movie,2007,6,7,5,6 2,20000000,-0.997,2.4
814,1408,2007,1,6,5,9 10 11,25000000,-0.9966,6.8
815,Fracture,2007,4,5,5,4 8 3,257730,-0.9981,7.2
816,Funny Games,2007,5,8,5,3 4 8,15000000,-0.9957,6.6
817,Ghost Rider,2007,3,7,4,1 9 8,110000000,-0.9986,5.2
818,Gone Baby Gone,2007,5,7,10,3 4 11,19000000,-0.9987,7.6
819,Grindhouse,2007,8,10,10,1 10 8,67000000,-0.9948,7.5
820,Halloween,2007,10,10,10,3 10 8,10000000,-0.9898,7.8
821,The Hitcher,2007,5,8,7,3 8,10000000,-0.9875,7.2
822,The Host,2007,0,8,6,1 6 4,40000000,-0.9952,5.9
823,Hostel: Part II,2007,8,10,10,10 8,10200000,-0.9979,5.5
824,Hot Fuzz,2007,4,8,7,1 2 11,10880000,-0.9992,7.8
825,Invasion,2007,3,6,4,5 8,80000000,-0.8558,6.2
826,Juno,2007,6,3,5,2 4,7500000,-0.9948,7.4
827,The Kingdom,2007,1,8,7,1 4 8,70000000,-0.9959,7
828,The Messengers,2007,3,7,3,10 8,16000000,-0.9799,5.4
829,Michael Clayton,2007,4,5,6,3 4 11,25000000,-0.9989,7.2
830,The Mist,2007,2,9,6,10 5 8,18000000,-0.9923,7.1
831,Mongol,2007,6,8,4,1 14 4,18000000,0.9263,7.2
832,Mr. Bean's Holiday,2007,1,2,1,2 7,25000000,-0.7587,6.4
833,Mr. Brooks,2007,7,8,8,3 4 8,20000000,-0.9977,7.3
834,Mr. Woodcock,2007,6,4,5,2 13 15,22000000,0.9289,5.1
835,Nancy Drew,2007,2,3,1,2 3 7,20000000,-0.7237,5.9
836,Next,2007,5,6,5,1 5 8,70000000,-0.997,6.2
837,Norbit,2007,5,4,4,2 13,60000000,-0.9558,4.1
838,Ocean's Thirteen,2007,5,5,4,1 3 8,85000000,0.9938,6.9
839,Once,2007,2,1,7,4 16 13,150000,0.9828,7.8
840,Perfect Stranger,2007,8,7,9,3 10 11,60795000,-0.9948,5.7
841,Premonition,2007,3,5,5,4 9 8,20000000,-0.9962,5.9
842,Ratatouille,2007,2,3,1,12 6 2,150000000,1,8
843,Reign Over Me,2007,4,5,7,4,20000000,-0.1073,7.4
844,Reno 911!: Miami,2007,7,5,7,2 3,10000000,-0.9868,5.9
845,Reservation Road,2007,2,5,5,3 4 8,11000000,-0.993,6.7
846,Resident Evil: Extinction,2007,4,9,4,1 10 5,45000000,-0.9968,6.3
847,Rocket Science,2007,7,3,5,2 4,6000000,0.709,6.6
848,Run Fatboy Run,2007,4,4,5,2 13 15,10000000,0.1781,6.6
849,Saw IV,2007,2,10,10,10 11 8,10000000,-0.9983,5.9
850,Shooter,2007,3,8,5,1 4 8,61000000,-0.9987,7.2
851,Spider-Man 3,2007,0,6,3,1 6 5,258000000,-0.9974,6.2
852,Stardust,2007,2,6,1,6 7 9,70000000,-0.9894,7.6
853,Sunshine,2007,6,7,5,5 8,35360000,-0.9952,7.2
854,This Christmas,2007,8,4,4,2 4 13,13000000,-0.9445,6.3
855,300,2007,7,9,2,1 4,65000000,-0.9936,7.6
856,TMNT,2007,6,3,1,12 1 6,34000000,0.9963,6.2
857,Transformers,2007,3,6,5,1 6 5,150000000,-0.9966,7
858,12,2007,3,8,4,3 4 8,4000000,-0.9748,7.7
859,Vacancy,2007,5,8,7,10 8,19000000,-0.9958,6.2
860,War,2007,7,9,8,1 8,21000000,-0.9984,6.2
861,Why Did I Get Married?,2007,5,3,4,2 4,15000000,-0.9976,5.9
862,You Kill Me,2007,4,6,7,2 3 13,4000000,-0.8519,6.5
863,Zodiac,2007,3,8,6,3 4 11,65000000,-0.9976,7.7
864,American Dreamz,2006,4,4,5,2 16,17000000,0.9877,5.4
865,An American Haunting,2006,5,6,2,4 14 10,14000000,-0.9977,5.1
866,Annapolis,2006,3,5,4,4 13 15,26000000,0.9765,5.9
867,Apocalypto,2006,5,9,5,1 6 4,40000000,-0.9974,7.8
868,Aquamarine,2006,3,3,3,2 7 9,12000000,0.9991,5.3
869,ATL,2006,6,4,5,2 3 4,20000000,0.9963,6.1
870,Babel,2006,8,7,6,4,25000000,-0.9976,7.4
871,Basic Instinct 2,2006,9,7,6,4 11 8,70000000,-0.998,4.3
872,Bella,2006,2,4,1,4 13,3300000,-0.9764,7.2
873,Bobby,2006,5,6,5,14 4 14,14000000,-0.9948,7
874,Casino Royale,2006,5,7,4,1 6 8,150000000,-0.9497,8
875,Catch a Fire,2006,4,7,5,14 4 14,14000000,-0.9825,6.7
876,Clerks II,2006,10,4,10,2,5000000,-0.2373,7.3
877,The Covenant,2006,5,6,4,1 6 9,20000000,-0.9701,5.3
878,Crank,2006,9,8,10,1 3 8,12000000,-0.9986,6.9
879,Crossover,2006,5,3,5,1 15,5800000,0.9966,2.1
880,Death of a President,2006,0,6,5,3 4 11,2000000,-0.9946,6.3
881,Doogal,2006,0,3,0,12 6 2,20000000,-0.9948,2.8
882,Dreamgirls,2006,4,3,5,4 16 16,70000000,0.8567,6.5
883,Eragon,2006,1,6,1,1 6 7,100000000,-0.9932,5.1
884,Feast,2006,7,10,10,1 2 10,3200000,-0.9948,6.3
885,Final Destination 3,2006,6,10,8,10 8,25000000,-0.996,5.8
886,Flags of Our Fathers,2006,2,8,6,1 6 4,90000000,-0.998,7
887,For Your Consideration,2006,3,1,5,2,12000000,0.9112,6.3
888,Freedom Writers,2006,2,7,5,14 3 4,21000000,-0.9948,7.5
889,Friends with Money,2006,7,3,7,2 4 13,6500000,0.9589,5.7
890,The Grudge 2,2006,4,7,2,10 8,20000000,-0.9993,5.1
891,The Guardian,2006,5,6,5,1 6 4,70000000,-0.8864,6.9
892,Happy Feet,2006,3,4,1,12 6 2,100000000,-0.5123,6.4
893,Hollywoodland,2006,7,7,6,14 3 4,28000000,-0.9965,6.5
894,Hoot,2006,1,4,4,6 2 7,15000000,-0.9948,5.5
895,How to Eat Fried Worms,2006,1,3,2,2 7,26000000,-0.7976,5.3
896,The Informant!,2006,2,2,5,14 2 3,22000000,-0.9948,6.4
897,Inside Man,2006,4,6,10,3 4 11,45000000,-0.9918,7.6
898,Lady in the Water,2006,2,7,1,4 9 11,70000000,0.4565,5.5
899,Larry the Cable Guy: Health Inspector,2006,4,4,5,2 13,4000000,-0.8426,3.3
900,The Last Kiss,2006,8,3,9,2 4 13,20000000,0.9923,6.4
901,Little Children,2006,8,4,6,2 4 13,26000000,-0.9559,7.5
902,Little Miss Sunshine,2006,5,4,7,2 4,8000000,0.9121,7.8
903,Marie Antoinette,2006,7,3,2,14 4 14,40000000,-0.9929,6.4
904,Miami Vice,2006,7,8,6,1 3 8,135000000,-0.9944,6
905,Mission: Impossible III,2006,5,7,4,1 6 8,150000000,-0.9677,6.9
906,Miss Potter,2006,2,2,1,14 4,30000000,0.9987,6.9
907,Monster House,2006,3,6,1,12 2 7,75000000,0.5106,6.6
908,Penelope,2006,2,3,1,2 9 13,15000000,-0.9793,6.7
909,Poseidon,2006,3,7,5,1 6 8,160000000,-0.9762,5.7
910,The Prestige,2006,4,7,3,4 11 5,40000000,-0.9958,8.5
911,Pucked,2006,6,3,5,2 15,3500000,-0.9948,4.1
912,The Queen,2006,1,3,5,1 4 17,24000,-0.9737,7.3
913,Reprise,2006,7,4,5,4,2640000,0.9993,7.4
914,The Return,2006,3,6,5,2 4 13,300000,-0.9916,4.7
915,Rocky Balboa,2006,1,4,4,1 4 15,24000000,0.9885,7.1
916,Scary Movie 4,2006,7,7,5,2 10,45000000,-0.9017,5.1
917,Scoop,2006,4,3,4,2 3 9,4000000,-0.9979,6.7
918,The Sentinel,2006,4,6,4,1 3 8,60000000,-0.9991,6.1
919,September Dawn,2006,6,8,2,4 14 13,11000000,-0.9836,5.8
920,Silent Hill,2006,6,10,5,10,50000000,-0.9972,6.5
921,Slither,2006,8,9,7,2 10 5,15000000,0.3809,6.4
922,Snakes on a Plane,2006,6,9,6,1 6 3,33000000,-0.9982,5.4
923,Stay Alive,2006,1,8,5,9 10 11,7000000,-0.9988,5.1
924,Step Up,2006,4,5,3,3 4 16,12000000,0.9967,6.5
925,Strangers with Candy,2006,4,5,5,2,3500000,-0.78,6
926,Superman Returns,2006,2,6,2,1 5,270000000,-0.9549,6
927,Thank You for Smoking,2006,5,5,7,2 4,6500000,-0.9467,7.6
928,Turistas,2006,5,10,9,10 11 8,10000000,-0.9961,5.4
929,Ultraviolet,2006,4,7,4,1 5,30000000,-0.787,4.4
930,United 93,2006,3,7,6,1 4 14,15000000,-0.9976,7.5
931,We Are Marshall,2006,1,4,4,4 15,65000000,0.2792,7.1
932,World Trade Center,2006,2,7,5,4 14 8,65000000,-0.972,5.9
933,Alone in the Dark,2005,6,9,5,1 10 5,20000000,0.6908,2.4
934,Assault on Precinct 13,2005,4,8,10,1 3 4,30000000,-0.9977,6.3
935,Batman Begins,2005,2,6,3,1 6,150000000,-0.996,8.2
936,Be Cool,2005,5,5,5,2 3 4,53000000,-0.973,5.6
937,Broken Flowers,2005,6,4,5,2 4 11,10000000,-0.9731,7.2
938,Christmas in the Clouds,2005,4,3,3,2 7 13,3000000,-0.9948,6.4
939,Coach Carter,2005,4,4,5,14 4 15,30000000,0.9219,7.3
940,Constantine,2005,2,8,5,1 9 10,100000000,-0.9978,7
941,Crash,2005,6,8,10,4,9000000,-0.9989,7.7
942,Dark Water,2005,3,5,5,4 10 11,30000000,-0.9949,5.6
943,Domino,2005,7,9,10,1 14 3,50000000,-0.0387,5.9
944,Doom,2005,5,8,7,1 10 5,60000000,-0.9991,5.2
945,Duma,2005,1,4,1,6 4 7,12000000,-0.2609,7.2
946,Elektra,2005,3,6,3,1 6 3,43000000,-0.9961,4.7
947,Elizabethtown,2005,4,3,5,2 4 13,45000000,-0.8344,6.4
948,The Exorcism of Emily Rose,2005,1,7,4,4 10 8,19000000,-0.8598,6.7
949,Get Rich or Die Tryin',2005,8,8,10,14 3 4,40000000,-0.9978,5.4
950,The Gospel,2005,4,3,4,4 16,4000000,-0.8402,4.9
951,Hard Candy,2005,6,7,6,4 8,950000,-0.9948,7.1
952,The Honeymooners,2005,4,3,4,2 7 13,25000000,0.9118,3.3
953,Hostage,2005,3,8,10,1 3 4,52000000,-0.9984,6.6
954,Hostel,2005,9,10,10,10,4800000,-0.9979,5.9
955,House of D,2005,5,6,5,2 4,6000000,-0.9948,6.9
956,The Ice Harvest,2005,8,8,10,2 3 4,16000000,-0.9971,6.3
957,The Interpreter,2005,5,7,4,3 11 8,80000000,-0.9956,6.4
958,The Island,2005,5,7,5,1 5 8,126000000,0.2846,6.8
959,The Jacket,2005,7,7,6,4 9 11,29000000,-0.4519,7.1
960,Jarhead,2005,8,7,10,1 14 4,72000000,-0.9963,7
961,King Kong,2005,3,7,3,1 6 4,207000000,-0.9815,7.2
962,King's Ransom,2005,6,4,5,2 3,15000000,-0.8934,4.4
963,The Legend of Zorro,2005,3,6,1,1 6 13,75000000,-0.9946,6
964,Lonesome Jim,2005,6,3,5,2 4,500000,-0.9815,6.6
965,Looking for Comedy in the Muslim World,2005,3,2,4,2,10000000,-0.2255,5.4
966,Lord of War,2005,7,8,10,1 3 4,50000000,-0.9972,7.6
967,Lords of Dogtown,2005,6,5,5,14 4 15,25000000,0.996,7.1
968,Madagascar,2005,1,4,2,12 6 2,75000000,0.9962,6.9
969,Madison,2005,2,2,3,4 15,13500000,-0.9948,6.3
970,Million Dollar Baby,2005,2,6,5,4 15,30000000,-0.9852,8.1
971,Munich,2005,7,8,6,1 4 14,70000000,-0.9964,7.5
972,My Summer of Love,2005,7,4,7,4 13,2312000,-0.9832,6.7
973,Nine Lives,2005,5,4,6,1 6 4,20000000,-0.8762,5.3
974,Oliver Twist,2005,2,5,3,3 4,60000000,-0.9993,6.8
975,Paradise Now,2005,5,3,6,3 4 8,2000000,0.9996,7.4
976,The Perfect Man,2005,4,2,1,2 7 13,10000000,0.9782,5.5
977,Prime,2005,7,2,5,2 4 13,22000000,0.9931,6.2
978,"The Prize Winner of Defiance, Ohio",2005,2,4,5,14 4,12000000,-0.4588,7.3
979,Red Eye,2005,1,6,5,8,26000000,-0.9966,6.4
980,Rent,2005,5,4,5,4 16 13,40000000,0.9581,6.9
981,Robots,2005,3,3,3,12 6 2,75000000,0.999,6.3
982,Sahara,2005,3,5,5,1 6 2,130000000,-0.9983,6
983,Serenity,2005,7,6,5,1 6 5,39000000,-0.9968,7.8
984,Sin City,2005,8,10,4,3 8,40000000,-0.9997,8
985,The Skeleton Key,2005,6,6,5,4 10 11,43000000,-0.9664,6.5
986,Supercross,2005,2,3,4,1 4 13,16000000,-0.9948,4.3
987,Transamerica,2005,4,4,6,6 2 4,1000000,-0.8371,7.4
988,Underworld: Evolution,2005,6,9,5,1 9 8,50000000,-0.9978,6.7
989,Undiscovered,2005,4,3,4,2 16 13,9000000,0.9752,4.3
990,Waiting,2005,8,4,10,4,816000,-0.9306,7.2
991,Wolf Creek,2005,4,8,7,10 8,1000000,-0.9948,6.2
992,After the Sunset,2004,7,4,5,1 2 3,60000000,0.9824,6.3
993,Against the Ropes,2004,5,5,4,14 4 13,39000000,0.775,5.3
994,Alexander,2004,9,9,2,1 14 4,155000000,-0.9919,5.6
995,Alfie,2004,7,3,5,2 4 13,60000000,0.9923,6.2
996,The Aviator,2004,5,6,5,14 4,110000000,-0.8898,7.5
997,Blade: Trinity,2004,5,9,8,1 6 9,65000000,-0.992,5.9
998,The Bourne Supremacy,2004,3,6,5,1 11 8,75000000,-0.9991,7.7
999,Breakin' All the Rules,2004,6,3,4,2 13,10000000,-0.9948,5.7
1000,The Butterfly Effect,2004,8,8,10,4 5 8,13000000,-0.993,7.6
1001,Catwoman,2004,4,5,3,1 3 9,100000000,-0.9914,3.4
1002,Cellular,2004,3,6,5,1 3 8,25000000,-0.9966,6.5
1003,The Chronicles of Riddick,2004,3,7,5,1 6 5,105000000,-0.9992,6.7
1004,Clifford's Really Big Movie,2004,0,2,0,12 6 2,70000,0.999,5.4
1005,Closer,2004,8,4,8,4 13,27000000,-0.9826,7.2
1006,Collateral,2004,1,7,6,3 4 8,65000000,-0.998,7.5
1007,Criminal,2004,3,4,10,1 5 8,31500000,0.3809,6.3
1008,Dogville,2004,8,8,2,3 4,10000000,-0.9948,8
1009,Eurotrip,2004,10,6,6,2,25000000,-0.714,6.6
1010,The Forgotten,2004,3,4,5,4 11 5,42000000,-0.862,5.8
1011,Friday Night Lights,2004,4,4,5,1 4 15,30000000,0.9863,7.2
1012,The Grudge,2004,4,7,1,10 11 8,10000000,-0.995,5.9
1013,Hellboy,2004,3,7,3,1 9 10,66000000,-0.977,6.8
1014,Hero,2004,4,6,0,1 6 14,31000000,-0.9986,6.5
1015,Hotel Rwanda,2004,4,7,5,14 4 14,17500000,-0.9975,8.1
1016,In Good Company,2004,5,3,4,2 4 13,26000000,-0.0819,6.4
1017,Jersey Girl,2004,5,3,5,2 4 13,35000000,0.9462,6.2
1018,King Arthur,2004,5,7,4,1 6 4,120000000,-0.9924,6.3
1019,Kinsey,2004,10,4,7,14 4 13,11000000,-0.9948,7
1020,The Manchurian Candidate,2004,4,8,5,4 11 5,80000000,-0.9881,6.6
1021,Mean Creek,2004,4,5,8,3 4,500000,-0.9961,7.2
1022,Mean Girls,2004,5,4,4,2,17000000,0.995,7
1023,Miracle,2004,2,4,3,14 4 14,28000000,0.9944,7.5
1024,Napoleon Dynamite,2004,3,4,3,2,400000,0.9918,6.9
1025,Never Die Alone,2004,8,8,10,1 3 4,3000000,-0.9994,5.7
1026,Ocean's Twelve,2004,3,4,5,3 8,110000000,-0.7845,6.5
1027,Open Water,2004,6,7,6,6 4 10,500000,-0.9908,5.7
1028,The Perfect Score,2004,5,4,5,2 3,40000000,0.9923,5.7
1029,The Punisher,2004,6,10,6,1 3 4,33000000,-0.9982,6.4
1030,Ray,2004,6,4,4,14 4 16,40000000,-0.9974,7.7
1031,Resident Evil: Apocalypse,2004,6,9,7,1 10 5,45000000,-0.9879,6.2
1032,Secret Window,2004,1,7,5,4 11 8,40000000,-0.9975,6.6
1033,Shark Tale,2004,2,3,1,12 6 2,75000000,-0.977,6
1034,Shrek 2,2004,3,3,2,12 6 2,150000000,0.9999,7.2
1035,Silver City,2004,5,4,6,2 4 11,5000000,-0.6486,6
1036,Sky Captain and the World of Tomorrow,2004,5,4,3,1 6 11,70000000,-0.9838,6
1037,Sleepover,2004,1,3,2,2 7 13,10000000,0.9946,5.4
1038,Spartan,2004,2,6,7,1 3 4,19250000,-0.9959,6.5
1039,Spider-Man 2,2004,2,6,3,1 6 5,200000000,-0.9948,7.3
1040,Suspect Zero,2004,8,9,5,3 10 11,27000000,-0.9982,5.8
1041,The Terminal,2004,3,3,4,2 4 13,60000000,-0.9378,7.4
1042,Thunderbirds,2004,0,4,1,1 6 2,57000000,-0.3784,4.3
1043,Troy,2004,4,8,1,4 14,175000000,-0.9986,7.2
1044,Van Helsing,2004,4,7,2,1 6 9,160000000,-0.9965,6.1
1045,The Village,2004,2,6,1,4 11 8,60000000,-0.9939,6.5
1046,White Chicks,2004,6,4,4,2 3,37000000,-0.1406,5.6
1047,Wimbledon,2004,5,2,5,2 13 15,31000000,0.9865,6.3
1048,Anything Else,2003,6,3,4,2 13,18000000,0.7357,6.3
1049,Bad Boys II,2003,6,9,10,1 2 3,130000000,-0.9949,6.6
1050,Basic,2003,5,8,10,1 3 4,50000000,-0.9898,6.5
1051,Better Luck Tomorrow,2003,7,6,10,3 4 13,250000,-0.9957,7
1052,Biker Boyz,2003,4,5,5,1 4,24000000,-0.8126,4.7
1053,Boat Trip,2003,8,3,6,2,20000000,-0.9948,4.9
1054,Buffalo Soldiers,2003,6,7,10,2 3 4,15000000,-0.9806,6.8
1055,Cabin Fever,2003,6,10,10,4 10,1500000,-0.9982,5.7
1056,Calendar Girls,2003,5,1,4,2 4,10000000,-0.8294,6.9
1057,Camp,2003,4,3,5,4,200000,0.9463,6.2
1058,City of Ghosts,2003,4,7,7,3 4 8,17500000,-0.8014,6
1059,The Cooler,2003,8,7,10,4 13,3200000,0.9866,6.9
1060,The Core,2003,1,5,5,1 6 5,60000000,-0.9824,5.5
1061,Daredevil,2003,4,6,4,1 3,78000000,-0.999,5.3
1062,The Fighting Temptations,2003,5,2,4,2 4 16,30000000,0.9891,5.6
1063,Final Destination 2,2003,5,9,6,10 8,26000000,-0.9924,6.2
1064,Freddy Vs. Jason,2003,7,10,8,1 10,30000000,-0.9989,5.7
1065,From Justin to Kelly,2003,3,2,2,2 16 13,12000000,0.9744,2.1
1066,Gods and Generals,2003,1,6,3,14 4 14,56000000,-0.9989,6.4
1067,Gothika,2003,7,7,5,10 11 8,40000000,-0.9995,5.8
1068,Grind,2003,4,3,5,6 2 15,6000000,0.9814,6
1069,Head of State,2003,4,3,5,2,35200000,0.9503,5.5
1070,Hollywood Homicide,2003,5,5,5,1 2 3,75000000,-0.9875,5.3
1071,Honey,2003,5,3,4,4 16 13,18000000,0.9922,5.4
1072,Hulk,2003,2,6,4,1 5,137000000,-0.9948,5.6
1073,In The Cut,2003,9,7,10,11 8,12000000,-0.9995,5.3
1074,The Italian Job,2003,4,5,5,1 3 8,60000000,-0.4981,7
1075,Johnny English,2003,3,4,3,1 6 2,40000000,-0.9974,6.2
1076,The Life of David Gale,2003,6,7,6,3 4 8,38000000,-0.9961,7.6
1077,Looney Tunes: Back in Action,2003,2,3,2,12 6 2,80000000,-0.953,5.7
1078,The Medallion,2003,2,5,3,1 2 9,41000000,0.5492,5.3
1079,The Missing,2003,4,8,3,6 8 18,60000000,-0.886,6.5
1080,Mona Lisa Smile,2003,4,2,4,4,65000000,0.9895,6.5
1081,Mystic River,2003,7,8,10,3 4 11,25000000,-0.9994,7.9
1082,Northfork,2003,3,4,4,4 9,1900000,0.6124,6.3
1083,Old School,2003,8,4,6,2,24000000,-0.8004,7.1
1084,Out of Time,2003,6,5,4,3 4 11,50000000,-0.9551,6.5
1085,Paycheck,2003,5,5,8,1 11 5,60000000,-0.9948,6.3
1086,Peter Pan,2003,3,5,0,6 7 9,100000000,-0.9414,7.3
1087,Secondhand Lions,2003,2,4,4,2 4 7,30000000,-0.9723,7.5
1088,The Shape of Things,2003,8,2,6,2 4 13,4000000,0.9911,6.7
1089,Spider,2003,3,5,5,4 11 8,10000000,-0.9948,6.8
1090,The Station Agent,2003,6,4,6,2 4,500000,-0.7071,7.6
1091,Sylvia,2003,5,4,5,14 4 13,9520000,-0.4633,6.3
1092,2 Fast 2 Furious,2003,6,5,5,1 3 8,76000000,-0.9625,5.9
1093,Underworld,2003,3,9,5,1 9 8,22000000,-0.998,7
1094,All About the Benjamins,2002,4,7,10,1 2 3,15000000,-0.9988,5.9
1095,Antwone Fisher,2002,4,5,5,14 4,12500000,-0.9788,7.3
1096,Austin Powers in Goldmember,2002,6,4,6,1 6 2,63000000,-0.9996,6.2
1097,Auto Focus,2002,9,4,7,14 3 4,7000000,-0.9709,6.6
1098,Bad Company,2002,3,5,5,3 4 8,15000000,-0.9968,5.6
1099,Big Fat Liar,2002,2,3,3,6 2 7,15000000,-0.9614,5.4
1100,Birthday Girl,2002,6,5,5,2 3 8,13000000,-0.9423,6.1
1101,Blade II,2002,3,10,7,1 9 10,54000000,-0.9991,6.7
1102,Blue Crush,2002,3,3,5,4 13 15,25000000,0.9979,5.7
1103,The Bourne Identity,2002,3,5,5,1 11 8,60000000,-0.9496,7.9
1104,"The Bread, My Sweet",2002,4,3,5,4 13,600000,-0.9948,6.6
1105,Brown Sugar,2002,3,2,5,13 2 4,8000000,0.9963,6.5
1106,Charlotte Gray,2002,4,5,5,4 13 8,20000000,-0.986,6.4
1107,Cherish,2002,5,5,7,2 4 8,1500000,-0.9948,6.7
1108,Chicago,2002,5,4,4,2 3 16,45000000,0.7318,7.1
1109,Clockstoppers,2002,3,4,3,1 6 2,26000000,0.3181,5.2
1110,Darkness,2002,1,6,5,10,10600000,-0.8001,5.5
1111,Dragonfly,2002,4,5,5,4,90000,-0.9508,6.1
1112,Drumline,2002,3,3,4,2 4 13,20000000,0.9603,5.8
1113,8 Mile,2002,6,5,10,4 16,41000000,-0.9792,7.1
1114,Femme Fatale,2002,9,7,7,3 4 11,35000000,-0.9761,6.2
1115,Frida,2002,7,7,6,14 4 13,12000000,-0.8652,7.4
1116,Friday After Next,2002,5,5,10,2 4,10000000,-0.9941,5.8
1117,Full Frontal,2002,7,4,9,2 13,2000000,-0.9948,4.7
1118,The Good Girl,2002,7,4,5,4 13,8000000,-0.9632,6.4
1119,Harrison's Flowers,2002,5,8,10,4 13 17,8000000,-0.9948,7.1
1120,Hollywood Ending,2002,4,1,3,2 13,16000000,0.5647,6.6
1121,The Hours,2002,3,4,5,4 13,25000000,-0.9864,7.5
1122,Igby Goes Down,2002,5,4,8,2 4,9000000,-0.9384,6.9
1123,Impostor,2002,4,6,5,4 11 5,30000000,-0.9831,6.2
1124,Insomnia,2002,5,6,9,4 11 8,46000000,-0.9994,7.2
1125,Jason X,2002,6,8,5,1 10 5,11000000,-0.9984,4.4
1126,John Q,2002,2,6,5,3 4 8,36000000,0.8897,7.1
1127,Kissing Jessica Stein,2002,6,1,6,2 4 13,1000000,0.9988,6.4
1128,Men In Black II,2002,2,5,4,1 6 2,140000000,-0.5296,6.2
1129,Minority Report,2002,5,6,5,1 3 11,102000000,-0.9993,7.6
1130,Mr. Deeds,2002,3,4,5,2 13,50000000,0.9943,5.8
1131,Nicholas Nickleby,2002,3,4,3,6 4 13,10000000,-0.9588,7.1
1132,One Hour Photo,2002,6,4,6,4 8,12000000,-0.8944,6.8
1133,Orange County,2002,4,4,5,2 4,18000000,-0.528,6.2
1134,Panic Room,2002,2,7,8,3 4 8,48000000,-0.9953,6.8
1135,The Pianist,2002,2,8,5,13,3555000,-0.9985,8.5
1136,Pinocchio,2002,0,3,1,12 2 7,2600000,-0.9416,7.4
1137,Red Dragon,2002,6,7,5,3 4 8,78000000,-0.9989,7.2
1138,Resident Evil,2002,5,8,6,1 10 5,33000000,-0.9981,6.7
1139,The Ring,2002,3,7,5,10 11,48000000,-0.9956,7.1
1140,Rollerball,2002,5,7,5,1 5 15,70000000,-0.9638,3.1
1141,Scooby-Doo,2002,3,4,3,6 2 7,84000000,-0.9961,5.1
1142,Secretary,2002,1,4,5,2 4 13,4000000,0.0803,7
1143,Showtime,2002,3,5,6,1 2 3,85000000,-0.99,5.5
1144,Signs,2002,2,5,4,4 11 5,72000000,-0.9918,6.7
1145,Slackers,2002,4,4,8,2 13,14000000,-0.9513,5.4
1146,Solaris,2002,2,4,5,4 11 5,14000,-0.9991,6.2
1147,Sorority Boys,2002,7,4,6,2,12000000,0.281,5.5
1148,Spider-Man,2002,3,6,3,1 6 5,139000000,-0.9961,7.3
1149,Stuart Little 2,2002,6,3,1,12 6 2,120000000,-0.171,5.5
1150,Tadpole,2002,6,0,5,2 4 13,150000,0.9964,6.1
1151,The Time Machine,2002,0,6,2,1 6 5,80000000,-0.685,6
1152,The Transporter,2002,4,6,5,1 3 8,21000000,-0.9974,6.8
1153,The Truth About Charlie,2002,6,5,5,11 8,60000000,0.5574,4.7
1154,Tuck Everlasting,2002,7,3,1,4 7 9,60000,0.9454,6.6
1155,Undercover Brother,2002,1,5,5,1 2,25000000,0.6249,5.8
1156,Undisputed,2002,9,5,10,1 3 4,20000000,-0.9948,6.2
1157,White Oleander,2002,4,4,5,4,16000000,-0.9988,7.1
1158,Windtalkers,2002,2,8,6,1 4 17,115000000,-0.9976,6.1
1159,Ali,2001,4,6,5,4 13 17,2000000,0.5994,6.8
1160,American Pie 2,2001,8,3,7,2,30000000,0.9689,6.4
1161,Baby Boy,2001,9,6,10,3 4 13,16000000,-0.9988,6.4
1162,Bandits,2001,4,5,4,2 3 4,75000000,-0.9865,6.5
1163,Black Knight,2001,4,6,4,6 2 9,50000000,-0.9948,4.9
1164,Blow,2001,6,8,10,14 3 4,53000000,-0.9273,7.6
1165,Bones,2001,6,10,10,3 10,16000000,-0.9943,4.2
1166,The Brothers,2001,7,3,6,2 4,6000000,0.9929,6.4
1167,Bubble Boy,2001,5,5,5,6 2 13,13000000,-0.9948,5.6
1168,crazy/beautiful,2001,5,3,5,4 13,13000000,0.8363,6.5
1169,Don't Say A Word,2001,5,7,6,4 11 8,50000000,-0.9892,6.3
1170,Double Take,2001,4,7,5,1 2 3,24000000,0.7814,5.5
1171,Down To Earth,2001,5,5,5,2 9,49000000,0.9533,5.5
1172,Driven,2001,3,5,5,1 4 15,94000000,0.9894,4.6
1173,Evolution,2001,4,5,5,2 5,80000000,-0.9952,6.1
1174,The Fast and the Furious,2001,4,5,6,3 4 11,66000,-0.993,6.8
1175,Freddy Got Fingered,2001,7,8,9,2,14000000,-0.9817,4.6
1176,Get Over It,2001,6,3,5,2 13,22000000,0.9985,5.7
1177,Ghost World,2001,5,3,7,2 4,7000000,-0.9687,7.3
1178,Gosford Park,2001,5,4,6,2 4 11,19800000,-0.9928,7.2
1179,Hannibal,2001,4,10,5,3 4 8,87000000,-0.9661,6.8
1180,In the Bedroom,2001,3,5,5,3 4,1700000,-0.9985,7.4
1181,Joe Somebody,2001,2,3,4,2 4,38000000,-0.2451,5.5
1182,Josie and The Pussycats,2001,3,3,3,2 16,39000000,-0.9867,5.4
1183,Jurassic Park III,2001,1,8,2,1 6 5,93000000,-0.7649,5.9
1184,Kingdom Come,2001,2,3,4,10,3000000,-0.9562,4.3
1185,Kiss of the Dragon,2001,6,8,7,1 3 4,25000000,-0.9956,6.6
1186,Lara Croft: Tomb Raider,2001,3,6,3,1 6 9,115000000,-0.9948,5.8
1187,The Majestic,2001,2,3,4,4 13,72000000,0.391,6.9
1188,Monkeybone,2001,7,6,4,12 2 9,75000000,-0.9896,4.7
1189,Moulin Rouge,2001,5,4,3,14 4 16,1500000,0.8535,7.1
1190,No Man's Land,2001,2,6,7,2 4 17,2460000,-0.8979,7.9
1191,The One,2001,3,7,4,1 5 8,49000000,-0.9977,5.9
1192,On the Line,2001,3,2,2,2 7 13,16000000,0.8519,4.2
1193,Original Sin,2001,8,5,2,4 11 13,42000000,-0.9141,6.1
1194,Osmosis Jones,2001,2,5,2,12 1 6,70000000,-0.9893,6.3
1195,The Others,2001,2,4,3,10 11 8,17000000,-0.9837,7.6
1196,Out Cold,2001,5,4,5,2 15,24000000,0.9901,6.4
1197,Pearl Harbor,2001,1,6,1,1 4 14,140000000,-0.9278,6.2
1198,The Pledge,2001,2,8,6,4 7,85000,-0.9973,6.8
1199,Rat Race,2001,4,5,5,1 6 2,48000000,-0.9956,6.4
1200,Rock Star,2001,8,3,7,4 16,57000000,0.9801,6.3
1201,Save the Last Dance,2001,5,5,6,4 16 13,13000000,0.9689,6.2
1202,Scary Movie 2,2001,6,6,8,2 10,45000000,-0.9941,5.3
1203,The Score,2001,3,5,8,1 3 4,68000000,0.6897,6.8
1204,Shrek,2001,3,4,3,12 6 2,60000000,1,7.8
1205,Spy Game,2001,3,7,6,1 3 8,115000000,0.95,7.1
1206,Spy Kids,2001,1,4,2,1 6 2,35000000,-0.978,5.5
1207,Super Troopers,2001,8,4,10,2 3 11,3000000,-0.9597,7.1
1208,Training Day,2001,7,8,10,3 4 8,45000000,-0.9989,7.7
1209,Vanilla Sky,2001,8,7,9,9 11 13,68000000,0.9169,6.9
1210,Zoolander,2001,4,4,5,2,28000000,-0.9975,6.5
1211,American Psycho,2000,10,9,8,2 3 4,7000000,-0.9948,7.6
1212,Autumn in New York,2000,4,1,5,4 13,65000000,0.9952,5.7
1213,The Beach,2000,6,8,10,6 4 13,50000000,-0.9985,6.7
1214,The Big Kahuna,2000,2,1,6,4 2,7000000,0.93,6.6
1215,Billy Elliot,2000,3,3,10,4 16,5000000,0.9163,7.7
1216,Bounce,2000,5,4,5,4 13,35000000,-0.8968,5.7
1217,Cast Away,2000,3,6,3,6 4 13,90000000,0.8628,7.8
1218,Charlie's Angels,2000,5,6,4,1 6 2,93000000,-0.9916,5.5
1219,Chocolat,2000,4,3,3,4 13,25000000,0.5871,7.2
1220,The Contender,2000,8,3,9,4 8,20000000,-0.9462,6.9
1221,The Crew,2000,5,5,5,1 3 4,3600000,-0.9953,5.6
1222,Duets,2000,6,4,5,2 4 16,21000000,-0.6386,6.1
1223,The Family Man,2000,4,3,5,2 4 9,60000000,0.9963,6.8
1224,Fantasia 2000,2000,1,3,0,12 2 7,80000000,-0.9948,7.2
1225,Final Destination,2000,5,8,10,10 8,23000000,-0.9904,6.7
1226,Girlfight,2000,3,5,8,4 15,1000000,-0.9966,6.7
1227,Gossip,2000,6,4,5,4 11 8,24000000,-0.9945,5.9
1228,Groove,2000,4,0,8,4 16,500000,0.9992,6.6
1229,Hamlet,2000,4,7,1,4,18000000,-0.9948,7.7
1230,Highlander: Endgame,2000,6,7,3,1 6 9,25000000,-0.4618,4.6
1231,Isn't She Great,2000,4,1,6,14 2 4,44000000,-0.9948,5.4
1232,The Kid,2000,2,2,1,14 4 18,8000000,-0.9902,8.3
1233,The Ladies Man,2000,7,3,4,2,24000000,0.0258,5.2
1234,Loser,2000,4,3,5,4,38000,0.1917,5.3
1235,Meet the Parents,2000,2,2,6,2,100000,0.9251,7
1236,Mission to Mars,2000,1,4,3,6 5 8,100000000,-0.5483,5.7
1237,Next Friday,2000,6,4,10,2,11000000,-0.9568,6.2
1238,The Patriot,2000,2,10,1,1 8,25000000,-0.9973,7.2
1239,Pitch Black,2000,2,8,9,1 10 5,23000000,-0.988,7.1
1240,Return to Me,2000,2,3,3,2 4 13,24000000,0.9873,6.9
1241,Road Trip,2000,9,3,6,2,16000000,-0.9948,6.4
1242,Scream 3,2000,4,8,8,10 11,40000000,-0.9991,5.6
1243,Screwed,2000,4,5,6,3 4,3000000,-0.9849,5.8
1244,Shaft,2000,6,8,10,1 3 8,46000000,-0.9987,5.9
1245,Snow Day,2000,6,3,1,6 2 7,13000000,-0.9948,5.1
1246,Space Cowboys,2000,1,3,5,1 6 8,65000000,-0.9947,6.4
1247,Supernova,2000,4,6,3,10 5 8,90000000,-0.9144,4.9
1248,Thirteen Days,2000,5,4,5,4 14 8,80000000,-0.9975,7.3
1249,Thomas and the Magic Railroad,2000,7,2,1,6 2 4,19000000,-0.9879,4.1
1250,3 Strikes,2000,4,4,10,2,3400000,-0.9713,4.8
1251,Titan A.E.,2000,6,5,0,12 1 6,75000000,0.9986,6.6
1252,Traffic,2000,6,7,10,3 4 8,48000000,-0.9992,7.6
1253,Turn It Up,2000,4,8,10,3 4 1,13000000,-0.9948,4.2
1254,U-571,2000,1,6,4,1 17,62000000,-0.9991,6.6
1255,Vertical Limit,2000,4,7,4,1 6 4,75000000,-0.9955,5.9
1256,Walking Across Egypt,2000,1,3,4,2 3 4,4500000,-0.128,7.2
1257,The Watcher,2000,3,7,8,3 4 11,30000000,-0.9887,5.3
1258,Wonder Boys,2000,3,3,6,2 4,55000000,-0.899,7.2
1259,X-Men,2000,1,6,3,1 6 5,75000000,-0.9776,7.4
1260,American Beauty,1999,8,6,7,4,15000000,1,8.3
1261,Anna and the King,1999,2,6,0,4 14 13,92000000,-0.9279,6.7
1262,Bats,1999,1,6,5,10 5 8,5250000,-0.9948,3.9
1263,The Best Man,1999,7,4,8,2 4 13,9000000,0.9875,6.8
1264,Bowfinger,1999,4,3,5,2,55000000,-0.9603,6.4
1265,Boys Don't Cry,1999,9,8,10,14 3 4,2000000,-0.9988,7.5
1266,Cotton Mary,1999,6,2,1,4,3500000,0.7906,5.2
1267,The Cup,1999,2,1,2,14 4 15,11400000,-0.9948,5.6
1268,Detroit Rock City,1999,6,4,10,2 16,34000000,0.9582,6.9
1269,Dogma,1999,5,8,10,6 2 4,10000000,-0.9646,7.3
1270,Drive Me Crazy,1999,4,3,6,2 4 13,8500000,0.8201,5.8
1271,Dudley Do-Right,1999,1,4,2,2 7 13,70000000,0.895,3.9
1272,East is East,1999,7,4,7,2 4,2584000,-0.9893,6.9
1273,EDtv,1999,4,2,5,2 4,80000000,-0.9576,6.1
1274,Election,1999,7,2,6,2 4 13,25000000,-0.8783,7.2
1275,Entrapment,1999,3,4,5,1 3 13,66000000,-0.9655,6.3
1276,eXistenZ,1999,3,10,5,10 5 8,15000000,-0.9977,6.8
1277,Fight Club,1999,7,10,10,4,63000000,-0.9951,8.8
1278,Galaxy Quest,1999,2,5,3,6 2 5,45000000,0.9607,7.3
1279,Goodbye Lover,1999,7,6,10,2 3 11,20000000,-0.9986,5.6
1280,Guinevere,1999,7,3,7,4 13,2600000,0.6605,6
1281,"Happy, Texas",1999,3,4,5,2 3 13,2500000,0.875,6.3
1282,In Dreams,1999,2,8,7,4 9 8,30000000,-0.9902,5.5
1283,Inspector Gadget,1999,2,4,1,1 6 2,90000000,-0.9868,4.1
1284,Life,1999,3,4,10,2 3 4,80000000,-0.9986,6.6
1285,Limbo,1999,3,3,7,6 4 8,10000000,-0.9788,6.9
1286,Magnolia,1999,7,6,10,4,37000000,-0.9963,8
1287,Man on the Moon,1999,5,4,6,14 2 4,82000000,-0.8652,7.4
1288,Mumford,1999,7,2,5,2 4,28000000,-0.3818,6.8
1289,Mystery Men,1999,3,5,3,1 2 9,68000000,-0.9945,6.1
1290,Notting Hill,1999,4,1,5,2 4 13,42000000,0.9775,7.1
1291,Sugar Town,1999,4,2,10,2 16,250000,-0.9948,6.1
1292,Tarzan,1999,1,4,1,12 6 7,130000000,0.9998,7.3
1293,Three Kings,1999,2,9,9,1 6 2,75000000,-0.9518,7.1
1294,trick,1999,1,1,6,2 16 13,450000,0.6765,7.1
1295,Tumbleweeds,1999,1,2,5,18,312000,0.9865,6.7
1296,200 Cigarettes,1999,8,2,9,2 4 13,6000000,0.9771,6
1297,Varsity Blues,1999,6,3,9,2 4 13,16000000,-0.9948,6.5
1298,Virus,1999,1,8,6,1 10 5,75000000,0.6656,5
1299,Wild Wild West,1999,4,5,4,1 2 5,170000000,0.975,4.9
1300,The Wood,1999,6,3,10,2 4 13,6000000,0.8821,7
1301,Affliction,1998,2,8,8,4 11 8,6000000,-0.9989,7
1302,American History X,1998,7,10,10,4,20000000,-0.9989,8.5
1303,Amistad,1998,5,5,1,14 4 14,36000000,0.4664,7.3
1304,BASEketball,1998,5,5,7,2 15,25000000,0.9918,6.5
1305,Basil,1998,4,5,0,4 13,10000000,-0.1154,6
1306,Black Dog,1998,0,7,5,1 3 4,30000000,-0.9828,5.5
1307,Blade,1998,3,9,8,1 10 5,45000000,-0.9915,7.1
1308,Celebrity,1998,7,2,9,2 4,12000000,0.34,6.3
1309,Dark City,1998,6,8,2,11 5 8,27000000,-0.9761,7.6
1310,Dead Man On Campus,1998,4,4,6,2,14000000,-0.9976,6.1
1311,Deep Impact,1998,1,5,5,1 4 13,75000000,-0.0644,6.2
1312,Elizabeth,1998,6,7,2,14 4 14,30000000,-0.9894,7.4
1313,Everest,1998,0,2,1,1 6 14,55000000,-0.9948,7.1
1314,The Faculty,1998,5,9,9,10 5,15000000,-0.9987,6.5
1315,Godzilla,1998,1,5,3,1 6 5,160000000,-0.992,6.4
1316,He Got Game,1998,7,3,8,4 15,25000000,0.9232,6.9
1317,Hilary and Jackie,1998,5,1,6,14 4 16,7000000,0.9555,7.3
1318,Jack Frost,1998,2,4,1,2 4 7,85000000,0.8735,5.4
1319,Lost in Space,1998,1,4,3,1 6 7,80000000,-0.9946,5.2
1320,Mulan,1998,1,3,1,12 6 7,90000000,0.9999,7.6
1321,The Newton Boys,1998,3,4,3,1 3 4,27000000,-0.9636,6.1
1322,Out of Sight,1998,5,6,10,2 3 4,48000000,-0.9884,7
1323,Patch Adams,1998,3,2,1,14 2 4,90000000,0.9687,6.8
1324,Pecker,1998,5,1,1,2 4,6000000,-0.9948,6.3
1325,Pleasantville,1998,5,1,5,2 4 9,60000000,0.4901,7.5
1326,Psycho,1998,5,6,0,10 11 8,60000000,-0.9988,8.5
1327,Ringmaster,1998,8,3,8,2,20000000,0.948,3.2
1328,Ronin,1998,1,8,6,1 3 8,55000000,-0.9965,7.3
1329,Safe Men,1998,4,3,9,2 3,1000000,-0.9948,5.9
1330,Shakespeare in Love,1998,8,3,3,2 4 14,25000000,-0.8539,7.1
1331,Simon Birch,1998,3,3,4,2 4 7,30000000,0.988,6.8
1332,Sliding Doors,1998,6,2,6,2 4 9,6000000,0.9721,6.7
1333,Small Soldiers,1998,1,4,3,1 6 2,40000000,-0.9963,6.2
1334,Smoke Signals,1998,7,3,3,2 4,2000000,0.9998,7.1
1335,Soldier,1998,4,9,5,1 4 5,60000000,-0.9979,6
1337,The Truman Show,1998,3,3,3,2 4 5,60000000,-0.913,8.1
1338,Twilight,1998,4,4,7,4 9 13,37000000,-0.9638,5.2
1339,Two Girls and a Guy,1998,5,3,10,2 4,1000000,-0.7227,5.5
1340,Urban Legend,1998,7,8,6,10 11 8,14000000,-0.9994,5.6
1341,Zero Effect,1998,2,4,7,2 3 4,5000000,-0.9968,6.9
1342,Air Force One,1997,1,8,6,1 4 8,85000000,0.3543,6.5
1343,Anaconda,1997,4,8,5,1 6 10,45000000,-0.9987,4.8
1344,Anastasia,1997,0,4,0,12 6 4,50000000,0.9995,7.2
1345,Cats Don't Dance,1997,0,1,0,12 2 7,32000000,0.9998,6.9
1346,Con Air,1997,2,8,8,1 3 8,75000000,-0.9993,6.9
1347,Contact,1997,2,1,2,4 11 5,90000000,0.9354,7.4
1348,Cop Land,1997,4,7,8,3 4 8,15000000,-0.9979,6.9
1349,Donnie Brasco,1997,2,7,10,14 3 4,35000000,0.1695,7.7
1350,Evita,1997,1,4,1,14 4 14,55000000,-0.9948,6.3
1351,The Game,1997,2,6,8,10,65000,-0.9946,7.8
1352,Hercules,1997,1,3,1,12 6 2,85000000,0.9984,7.3
1353,Hoodlum,1997,6,8,8,3 4,30000000,-0.9995,6.3
1354,The Jackal,1997,1,9,7,1 3 4,60000000,-0.993,6.4
1355,Kundun,1997,0,5,0,14 4 14,28000000,0.7941,7
1356,L.A. Confidential,1997,5,7,6,3 4 11,35000000,-0.9979,8.2
1357,Men in Black,1997,1,5,4,1 6 2,90000000,-0.9969,7.3
1358,Metro,1997,3,8,9,1 4 8,13000000,-0.9964,5.5
1359,Mimic,1997,1,7,6,10 5,30000000,-0.9871,5.9
1360,Mr. Magoo,1997,1,4,1,6 2 7,30000000,-0.9863,4
1361,Nothing to Lose,1997,3,4,9,4,200000,-0.9813,6.7
1362,The Peacemaker,1997,3,6,5,1 8,50000000,-0.9962,5.9
1363,Scream,1997,2,8,6,10 11,14000000,-0.9948,7.2
1364,Scream 2,1997,3,8,8,10 11,24000000,-0.9993,6.2
1365,Selena,1997,4,1,2,14 4 16,20000000,0.9959,6.8
1366,Spawn,1997,8,7,4,1 4 10,40000000,-0.9965,5.3
1367,Steel,1997,0,6,4,1 6 3,16000000,-0.9847,2.8
1368,Titanic,1997,1,6,5,4 13,200000000,0.8162,7.8
1369,Warriors of Virtue,1997,1,4,3,1 6 9,35000000,-0.9981,4.8
1370,Alaska,1996,0,3,2,6 7,23000000,-0.8294,5.7
1371,The Arrival,1996,3,4,5,5 8,25000000,-0.9646,6.3
1372,Barb Wire,1996,5,8,7,1 5,9000000,-0.8898,3.3
1373,Bulletproof,1996,4,8,9,1 2 3,25000000,0.8271,5.8
1374,City Hall,1996,0,4,8,4 8,40000000,-0.9552,6.2
1375,Dragonheart,1996,1,6,1,1 6 9,57000000,-0.9962,6.5
1376,Eddie,1996,2,2,5,2 10,1185000,0.9524,5.2
1377,Emma,1996,0,1,1,2 4 13,6000000,0.9814,6.6
1378,Fargo,1996,5,7,8,3 4 8,7000000,-0.9965,8.1
1379,Flipper,1996,0,3,3,6 7,25530000,-0.9859,5.3
1380,Independence Day,1996,2,7,5,1 6 5,75000000,-0.9985,7
1381,Jack,1996,2,2,4,2 4 9,45000000,-0.7812,5.8
1382,Jerry Maguire,1996,5,2,7,2 4 13,50000000,0.9936,7.3
1383,Kingpin,1996,4,4,4,2 15,27000000,-0.9664,6.9
1384,Mars Attacks!,1996,3,7,3,2 5,70000000,-0.9943,6.3
1385,Mary Reilly,1996,3,7,1,4 10 13,47000000,-0.994,5.8
1386,Matilda,1996,0,3,2,14 4 14,15000000,-0.9952,6.9
1387,Maximum Risk,1996,5,9,5,1 13 8,25000000,-0.8381,5.5
1388,Michael Collins,1996,1,8,8,14 4 8,25000000,-0.9989,7.2
1389,Mission: Impossible,1996,1,5,3,1 6 8,80000000,-0.9964,7.1
1390,The Phantom,1996,2,5,2,1 6 2,45000000,-0.9963,4.9
1391,Phenomenon,1996,2,2,2,4 9 13,32000000,0.9959,6.4
1392,The Rock,1996,3,8,8,1 6 8,75000000,-0.9988,7.4
1393,Sleepers,1996,9,7,8,3 4 8,44000000,-0.9975,7.6
1394,Solo,1996,7,6,5,1 5 8,19000000,-0.9952,4
1395,Space Jam,1996,6,2,1,12 6 2,80000000,0.9966,6.4
1396,Striptease,1996,6,4,6,2 3 4,40000000,-0.9062,4.5
1397,Tin Cup,1996,7,0,8,2 4 13,45000000,0.9986,6.4
1398,Twister,1996,6,5,5,1 6 8,92000000,-0.791,6.4
1399,Apollo 13,1995,2,2,5,6 4 14,52000000,-0.9953,7.6
1400,Assassins,1995,1,6,7,1 3 8,50000000,-0.9945,6.3
1401,Bad Boys,1995,3,7,9,1 2 3,19000000,-0.9954,6.9
1402,Bad Company,1995,8,5,6,3 4 8,15000000,-0.9942,5.6
1403,Batman Forever,1995,2,5,2,1 6,100000000,-0.995,5.4
1404,Billy Madison,1995,3,3,5,2,10000000,-0.935,6.4
1405,Casper,1995,1,4,1,2 7 9,50000000,-0.9936,6.1
1406,Clockers,1995,3,6,9,3 4 11,25000000,-0.9992,6.9
1407,Congo,1995,1,7,5,1 6 11,50000000,-0.9956,5.3
1408,Copycat,1995,3,8,6,2,250000,-0.998,6.6
1409,The Cure,1995,0,3,5,1 5 8,1597500,-0.9903,7.7
1410,Desperado,1995,6,9,8,1 3 8,7000000,-0.9984,7.2
1411,Fair Game,1995,5,6,7,1 8,957600,-0.9975,6.8
1412,Fluke,1995,1,3,0,4 7 9,15000000,-0.9937,6.7
1413,Get Shorty,1995,2,4,9,2 3 8,30250000,-0.9897,6.9
1414,GoldenEye,1995,3,6,1,1 6 8,60000000,-0.9994,7.2
1415,Hackers,1995,4,2,5,2 3 4,20000000,-0.9942,6.3
1416,Jade,1995,8,8,8,3 4 8,50000000,-0.9978,5.3
1417,Jefferson in Paris,1995,4,2,0,14 4 14,14000000,0.9942,5.7
1418,Johnny Mnemonic,1995,2,8,6,1 4 5,26000000,-0.8411,5.7
1419,Jumanji,1995,1,5,3,6 2 7,65000000,-0.987,7
1420,Mortal Kombat,1995,1,6,2,1 6 9,18000000,-0.9822,5.8
1421,Pocahontas,1995,1,3,0,12 6 4,55000000,0.9999,6.7
1422,Rob Roy,1995,6,7,4,6 14 4,28000000,-0.9995,6.9
1423,Seven,1995,1,9,8,3 4 11,33000000,-0.9992,6
1424,Showgirls,1995,3,6,8,4,45000000,-0.9632,4.9
1425,Strange Days,1995,3,8,9,1 3 4,42000000,-0.9968,7.2
1426,Tales from the Hood,1995,3,9,9,3 4 10,6000000,-0.9948,6.4
1427,Tank Girl,1995,1,6,5,1 2 5,25000000,-0.457,5.4
1428,Top Dog,1995,9,4,3,3 4,1138320,-0.9981,4.2
1429,The Walking Dead,1995,4,7,10,1 4 17,15000000,-0.9936,6.7
1430,Waterworld,1995,4,5,2,1 6 5,175000000,-0.9964,6.2
1431,Above the Rim,1994,0,6,9,3 4 15,3500000,0.8378,6.6
1432,Bad Girls,1994,2,5,4,1 6 13,25000000,-0.9929,5.2
1433,Crooklyn,1994,2,2,4,2 4,14000000,-0.9815,7
1434,Ed Wood,1994,2,1,5,14 2 4,18000000,-0.8172,7.8
1435,8 Seconds,1994,2,4,3,14 4 9,6150000,0.9762,6.6
1436,Exit to Eden,1994,9,4,1,2 3 13,25000000,-0.0772,4.3
1437,The Favor,1994,3,2,3,4,750000,0.9578,5.2
1438,Fear of a Black Hat,1994,3,3,10,2 16,999999,-0.9987,7.2
1439,Forrest Gump,1994,4,4,5,4 13,55000000,0.7079,8.8
1440,Fresh,1994,4,8,10,3 4 8,3500000,0.9242,7.6
1441,Jimmy Hollywood,1994,2,2,6,3 2 4,30000000,-0.1343,5.3
1442,Junior,1994,4,3,3,2 13 5,60000000,-0.9569,4.6
1443,The Lion King,1994,0,3,0,12 6 4,45000000,1,8.5
1444,Maverick,1994,2,3,3,1 6 2,75000000,0.0451,7
1445,Nell,1994,5,2,5,4,31000000,-0.9948,6.5
1446,PCU,1994,0,2,5,2,8000000,-0.9672,6.6
1447,Philadelphia,1994,2,1,1,4,26000000,-0.9894,7.7
1448,The Princess and the Goblin,1994,0,3,0,12 6 2,10000000,0.8671,6.8
1449,Pulp Fiction,1994,9,10,10,3 4,8000000,-0.9948,8.9
1450,The Specialist,1994,8,8,6,4 8,10000000,-0.9955,5.6
1451,Speed,1994,2,6,5,1 6 8,30000000,-0.9924,7.2
1452,Stargate,1994,5,5,1,1 6 5,55000000,-0.9851,7.1
1453,Terminal Velocity,1994,5,5,5,1 11 13,50000000,-0.998,5.5
1454,Tombstone,1994,10,6,5,1 14 4,25000000,-0.9976,7.8
1455,True Lies,1994,7,7,7,1 2 8,115000000,-0.9984,7.2
1456,Airborne,1993,3,2,0,2 3 10,1200000,-0.9273,6.3
1457,Calendar Girl,1993,5,3,5,2 10 13,25000,0.9838,5.1
1458,Carlito's Way,1993,4,7,7,3 4 8,30000000,-0.9983,7.9
1459,CB4,1993,6,3,9,2 16,6000000,-0.9916,6.3
1460,Damage,1993,7,2,5,1 4,4000000,-0.9888,6.8
1461,Demolition Man,1993,3,7,6,1 5 8,57000000,-0.9972,6.7
1462,Gettysburg,1993,0,5,1,4 14 17,25000000,-0.9962,7.6
1463,Hocus Pocus,1993,2,5,1,2 7 9,28000000,0.5423,6.9
1464,House of Cards,1993,1,2,2,1 4,11400,-0.2732,6.3
1465,Jurassic Park,1993,2,6,4,1 6 5,63000000,-0.9158,8.1
1466,Kalifornia,1993,6,10,5,3 4 8,9000000,-0.9988,6.7
1467,Made in America,1993,5,0,3,2,22000000,0.7436,5.1
1468,Matinee,1993,1,2,1,2 4,13000000,-0.9819,6.9
1469,The Meteor Man,1993,1,4,2,1 2 9,30000000,-0.9948,5.2
1470,Mr. Jones,1993,4,4,7,4 13,25000000,-0.6757,5.8
1471,Mr. Wonderful,1993,4,2,5,2 13,13000000,-0.25,5.9
1472,Poetic Justice,1993,5,6,9,4 13,14000000,0.9993,6.1
1473,The Real McCoy,1993,3,3,5,14 16,717949.68,-0.9224,5.5
1474,Robocop 3,1993,0,7,4,1 3 5,22000000,-0.9969,4.1
1475,The Secret Garden,1993,0,1,0,7,1400000,0.9899,7.3
1476,Sliver,1993,2,6,6,4 8,40000000,-0.9948,5.1
1477,Super Mario Bros.,1993,6,5,2,6 2 7,48000000,-0.9389,4.1
1478,Aladdin,1992,1,3,0,12 6 2,28000000,0.9926,8
1479,Basic Instinct,1992,10,8,9,4 11 8,49000000,-0.9979,7
1480,Class Act,1992,2,3,4,2,7500000,0.9852,6.1
1481,CrissCross,1992,4,3,2,3 4,14000000,-0.9646,5.9
1482,Hero,1992,1,4,4,1 6 14,31000000,0.9839,6.5
1483,Malcolm X,1992,2,5,6,14 4 14,33000000,-0.9968,7.7
1484,Mom and Dad Save The World,1992,1,1,1,6 2 7,14000000,-0.996,5.4
1485,Trespass,1992,3,8,8,3 4 8,35000000,-0.9881,5.3
1486,Universal Soldier,1992,5,8,6,1 5,45000000,-0.9985,6
1487,Frankie and Johnny,1991,7,3,6,2 16 13,4500000,0.9658,6.8
1488,The Abyss,1989,4,5,5,6 4 11,70000000,0.4065,7.6
1489,Blade Runner,1982,5,7,2,1 5 8,28000000,0.9997,8.1
1490,M*A*S*H,1970,6,6,5,14 4 14,2880000,-0.9948,7.4
1491,Tenet,2020,4,6,5,1 5,205000000,-0.9916,7.9
1492,Cleopatra,2019,5,5,3,14 4 14,44000000,-0.9948,7
